{"cameraMode":{"drawMode":0,"name":"Shaded","section":"Shading Mode"},"sceneLighting":false,"audioPlay":false,"sceneViewState":{"showFog":false,"showMaterialUpdate":false,"showSkybox":false,"showFlares":false,"showImageEffects":false,"showParticleSystems":false},"in2DMode":false,"pivot":{"x":-32.34153747558594,"y":3.565382957458496,"z":-2.2854957580566408},"rotation":{"x":0.11951197683811188,"y":0.08851825445890427,"z":-0.0011968889739364386,"w":0.9893438816070557},"size":457.23162841796877,"orthographic":false}