{"cameraMode":{"drawMode":0,"name":"Shaded","section":"Shading Mode"},"sceneLighting":false,"audioPlay":false,"sceneViewState":{"showFog":true,"showMaterialUpdate":false,"showSkybox":true,"showFlares":true,"showImageEffects":true,"showParticleSystems":true},"in2DMode":false,"pivot":{"x":42.380001068115237,"y":16.010000228881837,"z":57.127017974853519},"rotation":{"x":-0.005281305406242609,"y":-0.9872302412986755,"z":0.15558414161205293,"w":-0.03383510559797287},"size":19.1983585357666,"orthographic":false}