{"cameraMode":{"drawMode":0,"name":"Shaded","section":"Shading Mode"},"sceneLighting":false,"audioPlay":false,"sceneViewState":{"showFog":true,"showMaterialUpdate":false,"showSkybox":true,"showFlares":true,"showImageEffects":true,"showParticleSystems":true},"in2DMode":false,"pivot":{"x":0.2490643858909607,"y":0.5555997490882874,"z":-0.08388122171163559},"rotation":{"x":-0.0017052280018106104,"y":-0.9980601072311401,"z":0.04976020008325577,"w":-0.03807980194687843},"size":3.992856740951538,"orthographic":false}