{"cameraMode":{"drawMode":0,"name":"Shaded","section":"Shading Mode"},"sceneLighting":false,"audioPlay":false,"sceneViewState":{"showFog":true,"showMaterialUpdate":false,"showSkybox":true,"showFlares":true,"showImageEffects":true,"showParticleSystems":true},"in2DMode":false,"pivot":{"x":10.812498092651368,"y":1.8247032165527344,"z":1.044332504272461},"rotation":{"x":0.008135737851262093,"y":0.6543607115745544,"z":-0.007119778543710709,"w":0.7561060190200806},"size":31.09613037109375,"orthographic":false}