{"cameraMode":{"drawMode":0,"name":"Shaded","section":"Shading Mode"},"sceneLighting":false,"audioPlay":false,"sceneViewState":{"showFog":true,"showMaterialUpdate":false,"showSkybox":false,"showFlares":true,"showImageEffects":true,"showParticleSystems":true},"in2DMode":false,"pivot":{"x":-0.004701495170593262,"y":-0.6056002378463745,"z":0.12314128875732422},"rotation":{"x":-0.13162080943584443,"y":0.5967438817024231,"z":-0.1012977659702301,"w":-0.7854084968566895},"size":12.452644348144532,"orthographic":false}