{"cameraMode":{"drawMode":0,"name":"Shaded","section":"Shading Mode"},"sceneLighting":false,"audioPlay":false,"sceneViewState":{"showFog":true,"showMaterialUpdate":false,"showSkybox":true,"showFlares":true,"showImageEffects":true,"showParticleSystems":true},"in2DMode":false,"pivot":{"x":0.6080951690673828,"y":0.19693994522094727,"z":2.7382969856262209},"rotation":{"x":0.002004500012844801,"y":-0.9815141558647156,"z":0.1911190301179886,"w":0.009984876029193402},"size":7.092712879180908,"orthographic":false}