{"cameraMode":{"drawMode":0,"name":"Shaded","section":"Shading Mode"},"sceneLighting":false,"audioPlay":false,"sceneViewState":{"showFog":true,"showMaterialUpdate":false,"showSkybox":false,"showFlares":true,"showImageEffects":true,"showParticleSystems":true},"in2DMode":false,"pivot":{"x":9.150001525878907,"y":0.42499983310699465,"z":4.9261040687561039},"rotation":{"x":0.004286964423954487,"y":-0.9768271446228027,"z":0.21311986446380616,"w":0.0196439977735281},"size":8.21169376373291,"orthographic":false}