{"cameraMode":{"drawMode":0,"name":"Shaded","section":"Shading Mode"},"sceneLighting":false,"audioPlay":false,"sceneViewState":{"showFog":true,"showMaterialUpdate":false,"showSkybox":true,"showFlares":true,"showImageEffects":true,"showParticleSystems":true},"in2DMode":false,"pivot":{"x":0.4305891990661621,"y":1.0208156108856202,"z":0.24532651901245118},"rotation":{"x":-0.04075188562273979,"y":0.7348466515541077,"z":-0.04441065341234207,"w":-0.6755622625350952},"size":8.86873722076416,"orthographic":false}