{"cameraMode":{"drawMode":0,"name":"Shaded","section":"Shading Mode"},"sceneLighting":false,"audioPlay":false,"sceneViewState":{"showFog":true,"showMaterialUpdate":false,"showSkybox":false,"showFlares":true,"showImageEffects":true,"showParticleSystems":true},"in2DMode":false,"pivot":{"x":186.07476806640626,"y":11.458351135253907,"z":-5.609006881713867},"rotation":{"x":0.07535041868686676,"y":-0.842350959777832,"z":0.12250307947397232,"w":0.5195678472518921},"size":61.630558013916019,"orthographic":false}