{"cameraMode":{"drawMode":0,"name":"Shaded","section":"Shading Mode"},"sceneLighting":false,"audioPlay":false,"sceneViewState":{"showFog":true,"showMaterialUpdate":false,"showSkybox":true,"showFlares":true,"showImageEffects":true,"showParticleSystems":true},"in2DMode":false,"pivot":{"x":1.1920928955078126e-7,"y":0.0,"z":0.20399999618530274},"rotation":{"x":-0.16871283948421479,"y":0.0570850670337677,"z":-0.009769375436007977,"w":-0.9839641451835632},"size":5.6055779457092289,"orthographic":false}