{"cameraMode":{"drawMode":0,"name":"Shaded","section":"Shading Mode"},"sceneLighting":false,"audioPlay":false,"sceneViewState":{"showFog":false,"showMaterialUpdate":false,"showSkybox":false,"showFlares":false,"showImageEffects":false,"showParticleSystems":false},"in2DMode":false,"pivot":{"x":72.18628692626953,"y":-34.83965301513672,"z":11974.9990234375},"rotation":{"x":-0.09101707488298416,"y":-0.6854090094566345,"z":0.08711878955364227,"w":-0.7173755764961243},"size":175.06832885742188,"orthographic":false}