{"cameraMode":{"drawMode":0,"name":"Shaded","section":"Shading Mode"},"sceneLighting":false,"audioPlay":false,"sceneViewState":{"showFog":false,"showMaterialUpdate":false,"showSkybox":false,"showFlares":false,"showImageEffects":false,"showParticleSystems":false},"in2DMode":false,"pivot":{"x":431.0001220703125,"y":460.5,"z":0.000030517578125},"rotation":{"x":0.09068944305181503,"y":-0.04299074783921242,"z":0.00393478199839592,"w":0.9949684143066406},"size":721.8311157226563,"orthographic":false}