{"cameraMode":{"drawMode":0,"name":"Shaded","section":"Shading Mode"},"sceneLighting":false,"audioPlay":false,"sceneViewState":{"showFog":false,"showMaterialUpdate":false,"showSkybox":false,"showFlares":false,"showImageEffects":false,"showParticleSystems":false},"in2DMode":false,"pivot":{"x":1827.518798828125,"y":10008.70703125,"z":11379.64453125},"rotation":{"x":-0.04956652596592903,"y":-0.3829432725906372,"z":0.01984270103275776,"w":-0.9225090742111206},"size":29.50181007385254,"orthographic":false}