{"cameraMode":{"drawMode":0,"name":"Shaded","section":"Shading Mode"},"sceneLighting":false,"audioPlay":false,"sceneViewState":{"showFog":false,"showMaterialUpdate":false,"showSkybox":false,"showFlares":false,"showImageEffects":false,"showParticleSystems":false},"in2DMode":false,"pivot":{"x":241.03038024902345,"y":13.42431354522705,"z":-4.239760875701904},"rotation":{"x":0.17746350169181825,"y":0.6491402387619019,"z":-0.15948623418807984,"w":0.7224248051643372},"size":19.730350494384767,"orthographic":false}