{"cameraMode":{"drawMode":0,"name":"Shaded","section":"Shading Mode"},"sceneLighting":false,"audioPlay":false,"sceneViewState":{"showFog":false,"showMaterialUpdate":false,"showSkybox":false,"showFlares":false,"showImageEffects":false,"showParticleSystems":false},"in2DMode":false,"pivot":{"x":269.8669738769531,"y":21.415712356567384,"z":-5.991551399230957},"rotation":{"x":0.07610437273979187,"y":0.717328667640686,"z":-0.08429395407438278,"w":0.6881060004234314},"size":35.90047836303711,"orthographic":false}