{"cameraMode":{"drawMode":0,"name":"Shaded","section":"Shading Mode"},"sceneLighting":false,"audioPlay":false,"sceneViewState":{"showFog":true,"showMaterialUpdate":false,"showSkybox":true,"showFlares":true,"showImageEffects":true,"showParticleSystems":true},"in2DMode":false,"pivot":{"x":-0.07448875904083252,"y":1.3332276344299317,"z":0.44530630111694338},"rotation":{"x":0.016001036390662195,"y":-0.7532044649124146,"z":0.018299119547009469,"w":0.657364010810852},"size":14.011807441711426,"orthographic":false}