{"cameraMode":{"drawMode":0,"name":"Shaded","section":"Shading Mode"},"sceneLighting":false,"audioPlay":false,"sceneViewState":{"showFog":true,"showMaterialUpdate":true,"showSkybox":true,"showFlares":true,"showImageEffects":true,"showParticleSystems":true},"in2DMode":false,"pivot":{"x":9.329899787902832,"y":-1.190354824066162,"z":-1.7153736352920533},"rotation":{"x":-0.006840535439550877,"y":0.9899201989173889,"z":-0.05234555900096893,"w":-0.13233382999897004},"size":7.3235955238342289,"orthographic":false}