{"cameraMode":{"drawMode":0,"name":"Shaded","section":"Shading Mode"},"sceneLighting":false,"audioPlay":false,"sceneViewState":{"showFog":false,"showMaterialUpdate":false,"showSkybox":false,"showFlares":false,"showImageEffects":false,"showParticleSystems":false},"in2DMode":false,"pivot":{"x":451.0595703125,"y":-76.845458984375,"z":669.16455078125},"rotation":{"x":-0.002128137508407235,"y":0.8139258027076721,"z":-0.5817874073982239,"w":-0.021687593311071397},"size":1001.8648071289063,"orthographic":false}