{"cameraMode":{"drawMode":0,"name":"Shaded","section":"Shading Mode"},"sceneLighting":false,"audioPlay":false,"sceneViewState":{"showFog":false,"showMaterialUpdate":false,"showSkybox":false,"showFlares":false,"showImageEffects":false,"showParticleSystems":false},"in2DMode":false,"pivot":{"x":548.5807495117188,"y":445.0042724609375,"z":-88.79959106445313},"rotation":{"x":0.023657625541090967,"y":0.030780240893363954,"z":-0.0023003658279776575,"w":0.9996486306190491},"size":394.3315734863281,"orthographic":false}