{"cameraMode":{"drawMode":0,"name":"Shaded","section":"Shading Mode"},"sceneLighting":false,"audioPlay":false,"sceneViewState":{"showFog":true,"showMaterialUpdate":false,"showSkybox":true,"showFlares":true,"showImageEffects":true,"showParticleSystems":true},"in2DMode":false,"pivot":{"x":5.143904209136963,"y":-1.2253868579864503,"z":-3.7211732864379885},"rotation":{"x":-0.015542068518698216,"y":-0.9729443788528442,"z":0.06902389228343964,"w":-0.2199411541223526},"size":16.276390075683595,"orthographic":false}