{"cameraMode":{"drawMode":0,"name":"Shaded","section":"Shading Mode"},"sceneLighting":false,"audioPlay":false,"sceneViewState":{"showFog":false,"showMaterialUpdate":false,"showSkybox":false,"showFlares":false,"showImageEffects":false,"showParticleSystems":false},"in2DMode":false,"pivot":{"x":686.2999877929688,"y":328.20001220703127,"z":-2.0},"rotation":{"x":0.023657625541090967,"y":0.030780240893363954,"z":-0.0023003658279776575,"w":0.9996486306190491},"size":202.25123596191407,"orthographic":false}