{"cameraMode":{"drawMode":0,"name":"Shaded","section":"Shading Mode"},"sceneLighting":false,"audioPlay":false,"sceneViewState":{"showFog":false,"showMaterialUpdate":false,"showSkybox":false,"showFlares":false,"showImageEffects":false,"showParticleSystems":false},"in2DMode":false,"pivot":{"x":13.270874977111817,"y":-3.3663697242736818,"z":-4057.274169921875},"rotation":{"x":-0.043178558349609378,"y":0.7160493731498718,"z":-0.06171715259552002,"w":-0.6950222849845886},"size":16.001296997070314,"orthographic":false}