{"cameraMode":{"drawMode":0,"name":"Shaded","section":"Shading Mode"},"sceneLighting":false,"audioPlay":false,"sceneViewState":{"showFog":true,"showMaterialUpdate":false,"showSkybox":false,"showFlares":true,"showImageEffects":true,"showParticleSystems":true},"in2DMode":false,"pivot":{"x":41.89997863769531,"y":11.709999084472657,"z":-96.26000213623047},"rotation":{"x":0.006866321433335543,"y":-0.978356122970581,"z":0.20424692332744599,"w":0.032890867441892627},"size":12.12497615814209,"orthographic":false}