{"cameraMode":{"drawMode":0,"name":"Shaded","section":"Shading Mode"},"sceneLighting":false,"audioPlay":false,"sceneViewState":{"showFog":true,"showMaterialUpdate":false,"showSkybox":false,"showFlares":true,"showImageEffects":true,"showParticleSystems":true},"in2DMode":false,"pivot":{"x":8165.1669921875,"y":10012.2626953125,"z":5271.99853515625},"rotation":{"x":0.04057582840323448,"y":-0.9412857890129089,"z":0.12240032851696015,"w":0.3120438754558563},"size":104.38187408447266,"orthographic":false}