{"cameraMode":{"drawMode":0,"name":"Shaded","section":"Shading Mode"},"sceneLighting":false,"audioPlay":false,"sceneViewState":{"showFog":false,"showMaterialUpdate":false,"showSkybox":false,"showFlares":false,"showImageEffects":false,"showParticleSystems":false},"in2DMode":false,"pivot":{"x":13.864524841308594,"y":-2.2106785774230959,"z":-8.551383972167969},"rotation":{"x":0.019951848313212396,"y":0.9403266310691834,"z":-0.3401344120502472,"w":0.02686786837875843},"size":4.150089263916016,"orthographic":false}