{"cameraMode":{"drawMode":0,"name":"Shaded","section":"Shading Mode"},"sceneLighting":false,"audioPlay":false,"sceneViewState":{"showFog":false,"showMaterialUpdate":false,"showSkybox":false,"showFlares":false,"showImageEffects":false,"showParticleSystems":false},"in2DMode":false,"pivot":{"x":8.459447860717774,"y":-4.093942642211914,"z":0.9806109070777893},"rotation":{"x":-0.1438034474849701,"y":-0.7304976582527161,"z":0.16206994652748109,"w":-0.6476680040359497},"size":6.150001049041748,"orthographic":false}