{"cameraMode":{"drawMode":0,"name":"Shaded","section":"Shading Mode"},"sceneLighting":false,"audioPlay":false,"sceneViewState":{"showFog":false,"showMaterialUpdate":false,"showSkybox":false,"showFlares":false,"showImageEffects":false,"showParticleSystems":false},"in2DMode":false,"pivot":{"x":-32.30599594116211,"y":1.1837849617004395,"z":-2.200000762939453},"rotation":{"x":0.029701076447963716,"y":0.7031391859054565,"z":-0.016034694388508798,"w":0.710899829864502},"size":225.44468688964845,"orthographic":false}