{"cameraMode":{"drawMode":0,"name":"Shaded","section":"Shading Mode"},"sceneLighting":false,"audioPlay":false,"sceneViewState":{"showFog":true,"showMaterialUpdate":false,"showSkybox":true,"showFlares":true,"showImageEffects":true,"showParticleSystems":true},"in2DMode":false,"pivot":{"x":14.721169471740723,"y":0.019181720912456514,"z":2.502884864807129},"rotation":{"x":-0.05087338760495186,"y":0.7476514577865601,"z":-0.057447053492069247,"w":-0.6596596240997315},"size":17.818809509277345,"orthographic":false}