{"cameraMode":{"drawMode":0,"name":"Shaded","section":"Shading Mode"},"sceneLighting":false,"audioPlay":false,"sceneViewState":{"showFog":false,"showMaterialUpdate":false,"showSkybox":false,"showFlares":false,"showImageEffects":false,"showParticleSystems":false},"in2DMode":false,"pivot":{"x":4758.69970703125,"y":10012.2626953125,"z":5097.44482421875},"rotation":{"x":0.03592493385076523,"y":0.9325515627861023,"z":0.08000439405441284,"w":-0.3513927757740021},"size":44.153499603271487,"orthographic":false}