{"cameraMode":{"drawMode":0,"name":"Shaded","section":"Shading Mode"},"sceneLighting":false,"audioPlay":false,"sceneViewState":{"showFog":false,"showMaterialUpdate":false,"showSkybox":false,"showFlares":false,"showImageEffects":false,"showParticleSystems":false},"in2DMode":false,"pivot":{"x":-0.07387381792068482,"y":0.028773725032806398,"z":1.1920928955078126e-7},"rotation":{"x":0.0084005082026124,"y":0.9975053071975708,"z":-0.07160124182701111,"w":-0.027168147265911104},"size":4.051771640777588,"orthographic":false}