{"cameraMode":{"drawMode":0,"name":"Shaded","section":"Shading Mode"},"sceneLighting":false,"audioPlay":false,"sceneViewState":{"showFog":true,"showMaterialUpdate":false,"showSkybox":true,"showFlares":true,"showImageEffects":true,"showParticleSystems":true},"in2DMode":false,"pivot":{"x":1.7876287698745728,"y":0.16556835174560548,"z":0.9836835861206055},"rotation":{"x":-0.01974554918706417,"y":-0.9801598191261292,"z":0.1379500925540924,"w":-0.1409529447555542},"size":14.274590492248536,"orthographic":false}