{"cameraMode":{"drawMode":0,"name":"Shaded","section":"Shading Mode"},"sceneLighting":false,"audioPlay":false,"sceneViewState":{"showFog":true,"showMaterialUpdate":false,"showSkybox":true,"showFlares":true,"showImageEffects":true,"showParticleSystems":true},"in2DMode":false,"pivot":{"x":0.0014443397521972657,"y":3.9382805824279787,"z":0.0},"rotation":{"x":0.23613634705543519,"y":-0.7037549018859863,"z":0.271168977022171,"w":0.6127284169197083},"size":17.1273250579834,"orthographic":false}