{"cameraMode":{"drawMode":0,"name":"Shaded","section":"Shading Mode"},"sceneLighting":false,"audioPlay":false,"sceneViewState":{"showFog":true,"showMaterialUpdate":false,"showSkybox":true,"showFlares":true,"showImageEffects":true,"showParticleSystems":true},"in2DMode":false,"pivot":{"x":13.460000038146973,"y":0.2499997615814209,"z":0.0},"rotation":{"x":-0.02214694954454899,"y":-0.057565513998270038,"z":-0.0013373306719586254,"w":0.9980978965759277},"size":10.410073280334473,"orthographic":false}