{"cameraMode":{"drawMode":0,"name":"Shaded","section":"Shading Mode"},"sceneLighting":false,"audioPlay":false,"sceneViewState":{"showFog":true,"showMaterialUpdate":false,"showSkybox":true,"showFlares":true,"showImageEffects":true,"showParticleSystems":true},"in2DMode":false,"pivot":{"x":1.065661072731018,"y":2.1732804775238039,"z":4.651342868804932},"rotation":{"x":0.09383873641490936,"y":-0.7047845721244812,"z":0.09483438730239868,"w":0.6967650055885315},"size":25.70425033569336,"orthographic":false}