{"cameraMode":{"drawMode":0,"name":"Shaded","section":"Shading Mode"},"sceneLighting":false,"audioPlay":false,"sceneViewState":{"showFog":false,"showMaterialUpdate":false,"showSkybox":false,"showFlares":false,"showImageEffects":false,"showParticleSystems":false},"in2DMode":false,"pivot":{"x":0.5379970073699951,"y":0.0899997353553772,"z":0.19773340225219727},"rotation":{"x":-0.6107206344604492,"y":0.0024827742017805578,"z":-0.0026125882286578418,"w":-0.7922722101211548},"size":9.98207950592041,"orthographic":false}