{"cameraMode":{"drawMode":0,"name":"Shaded","section":"Shading Mode"},"sceneLighting":false,"audioPlay":false,"sceneViewState":{"showFog":true,"showMaterialUpdate":false,"showSkybox":false,"showFlares":true,"showImageEffects":true,"showParticleSystems":true},"in2DMode":false,"pivot":{"x":41.85392761230469,"y":26.915029525756837,"z":-79.56622314453125},"rotation":{"x":0.00892649032175541,"y":-0.9635540843009949,"z":0.26543697714805605,"w":0.03239304572343826},"size":2.925241470336914,"orthographic":false}