{"cameraMode":{"drawMode":0,"name":"Shaded","section":"Shading Mode"},"sceneLighting":false,"audioPlay":false,"sceneViewState":{"showFog":false,"showMaterialUpdate":false,"showSkybox":false,"showFlares":false,"showImageEffects":false,"showParticleSystems":false},"in2DMode":false,"pivot":{"x":-5.537799835205078,"y":20.029890060424806,"z":7.412190914154053},"rotation":{"x":0.042400527745485309,"y":0.7303280234336853,"z":-0.04572822526097298,"w":0.680337131023407},"size":2.767033815383911,"orthographic":false}