{"cameraMode":{"drawMode":0,"name":"Shaded","section":"Shading Mode"},"sceneLighting":false,"audioPlay":false,"sceneViewState":{"showFog":true,"showMaterialUpdate":false,"showSkybox":true,"showFlares":true,"showImageEffects":true,"showParticleSystems":true},"in2DMode":false,"pivot":{"x":10.335771560668946,"y":-0.8558658361434937,"z":2.3652451038360597},"rotation":{"x":-0.18685662746429444,"y":0.11643505841493607,"z":-0.022308634594082834,"w":-0.9752160906791687},"size":4.413145065307617,"orthographic":false}