{"cameraMode":{"drawMode":0,"name":"Shaded","section":"Shading Mode"},"sceneLighting":false,"audioPlay":false,"sceneViewState":{"showFog":false,"showMaterialUpdate":false,"showSkybox":false,"showFlares":false,"showImageEffects":false,"showParticleSystems":false},"in2DMode":false,"pivot":{"x":262.90252685546877,"y":16.489011764526368,"z":58.96630859375},"rotation":{"x":-0.07461536675691605,"y":-0.195234477519989,"z":0.013671631924808026,"w":-0.978135883808136},"size":40.57622146606445,"orthographic":false}