{"cameraMode":{"drawMode":0,"name":"Shaded","section":"Shading Mode"},"sceneLighting":false,"audioPlay":false,"sceneViewState":{"showFog":true,"showMaterialUpdate":false,"showSkybox":true,"showFlares":true,"showImageEffects":true,"showParticleSystems":true},"in2DMode":false,"pivot":{"x":1.1920928955078126e-7,"y":0.0,"z":0.20399999618530274},"rotation":{"x":-0.014077834784984589,"y":0.7510753870010376,"z":-0.01599576137959957,"w":-0.6598729491233826},"size":2.605577230453491,"orthographic":false}