{"cameraMode":{"drawMode":0,"name":"Shaded","section":"Shading Mode"},"sceneLighting":false,"audioPlay":false,"sceneViewState":{"showFog":false,"showMaterialUpdate":false,"showSkybox":false,"showFlares":false,"showImageEffects":false,"showParticleSystems":false},"in2DMode":false,"pivot":{"x":59.831661224365237,"y":28.5126953125,"z":0.3942117691040039},"rotation":{"x":0.06212122365832329,"y":0.9154754877090454,"z":-0.3660659193992615,"w":0.15522465109825135},"size":8.953845977783204,"orthographic":false}