{"cameraMode":{"drawMode":0,"name":"Shaded","section":"Shading Mode"},"sceneLighting":false,"audioPlay":false,"sceneViewState":{"showFog":true,"showMaterialUpdate":false,"showSkybox":false,"showFlares":true,"showImageEffects":true,"showParticleSystems":true},"in2DMode":false,"pivot":{"x":0.0051054321229457859,"y":-0.11495976150035858,"z":0.09587550908327103},"rotation":{"x":0.12402132153511048,"y":-0.48653462529182436,"z":0.07293703407049179,"w":0.8621058464050293},"size":4.976001262664795,"orthographic":false}