{"cameraMode":{"drawMode":0,"name":"Shaded","section":"Shading Mode"},"sceneLighting":false,"audioPlay":false,"sceneViewState":{"showFog":true,"showMaterialUpdate":false,"showSkybox":true,"showFlares":true,"showImageEffects":true,"showParticleSystems":true},"in2DMode":false,"pivot":{"x":0.01847720891237259,"y":-0.4830716848373413,"z":0.038559213280677798},"rotation":{"x":-0.02750985324382782,"y":0.9691197872161865,"z":-0.20990152657032014,"w":-0.12652210891246797},"size":3.8829681873321535,"orthographic":false}