{"cameraMode":{"drawMode":0,"name":"Shaded","section":"Shading Mode"},"sceneLighting":false,"audioPlay":false,"sceneViewState":{"showFog":false,"showMaterialUpdate":false,"showSkybox":false,"showFlares":false,"showImageEffects":false,"showParticleSystems":false},"in2DMode":false,"pivot":{"x":0.40000152587890627,"y":-8.290000915527344,"z":20.0},"rotation":{"x":-0.006239310372620821,"y":-0.9851458668708801,"z":0.16248856484889985,"w":-0.06298088282346726},"size":8.181559562683106,"orthographic":false}