{"cameraMode":{"drawMode":0,"name":"Shaded","section":"Shading Mode"},"sceneLighting":false,"audioPlay":false,"sceneViewState":{"showFog":false,"showMaterialUpdate":false,"showSkybox":false,"showFlares":false,"showImageEffects":false,"showParticleSystems":false},"in2DMode":false,"pivot":{"x":21.31313133239746,"y":-2.319702625274658,"z":-39.323909759521487},"rotation":{"x":-0.1623428463935852,"y":-0.00811886228621006,"z":-0.014018033631145954,"w":-0.9872427582740784},"size":3.9914801120758058,"orthographic":false}