{"cameraMode":{"drawMode":0,"name":"Shaded","section":"Shading Mode"},"sceneLighting":false,"audioPlay":false,"sceneViewState":{"showFog":false,"showMaterialUpdate":false,"showSkybox":false,"showFlares":false,"showImageEffects":false,"showParticleSystems":false},"in2DMode":false,"pivot":{"x":352.88800048828127,"y":21.301593780517579,"z":-80.54290771484375},"rotation":{"x":0.350874662399292,"y":0.6025592088699341,"z":-0.33299100399017336,"w":0.6348093748092651},"size":18.413833618164064,"orthographic":false}