{"cameraMode":{"drawMode":0,"name":"Shaded","section":"Shading Mode"},"sceneLighting":false,"audioPlay":false,"sceneViewState":{"showFog":false,"showMaterialUpdate":false,"showSkybox":false,"showFlares":false,"showImageEffects":false,"showParticleSystems":false},"in2DMode":false,"pivot":{"x":8.357440948486329,"y":-4.3409013748168949,"z":0.12154293060302735},"rotation":{"x":0.0017055956413969398,"y":-0.9395137429237366,"z":0.34370654821395876,"w":-0.0010261789429932833},"size":2.6404149532318117,"orthographic":false}