{"cameraMode":{"drawMode":0,"name":"Shaded","section":"Shading Mode"},"sceneLighting":false,"audioPlay":false,"sceneViewState":{"showFog":true,"showMaterialUpdate":false,"showSkybox":true,"showFlares":true,"showImageEffects":true,"showParticleSystems":true},"in2DMode":false,"pivot":{"x":-0.012615755200386048,"y":-0.03775322437286377,"z":-0.5010156631469727},"rotation":{"x":0.002314298413693905,"y":-0.9920629858970642,"z":0.12446527183055878,"w":0.01841302588582039},"size":7.339812278747559,"orthographic":false}