{"cameraMode":{"drawMode":0,"name":"Shaded","section":"Shading Mode"},"sceneLighting":false,"audioPlay":false,"sceneViewState":{"showFog":true,"showMaterialUpdate":false,"showSkybox":true,"showFlares":true,"showImageEffects":true,"showParticleSystems":true},"in2DMode":false,"pivot":{"x":30.456579208374025,"y":-5.378664016723633,"z":-8.551538467407227},"rotation":{"x":0.25594010949134829,"y":0.13107238709926606,"z":-0.035236623138189319,"w":0.957151472568512},"size":90.33429718017578,"orthographic":false}