{"cameraMode":{"drawMode":0,"name":"Shaded","section":"Shading Mode"},"sceneLighting":false,"audioPlay":false,"sceneViewState":{"showFog":false,"showMaterialUpdate":false,"showSkybox":false,"showFlares":false,"showImageEffects":false,"showParticleSystems":false},"in2DMode":false,"pivot":{"x":1556.9932861328125,"y":10002.150390625,"z":12153.349609375},"rotation":{"x":0.036356717348098758,"y":-0.1408827155828476,"z":0.017085829749703409,"w":0.9899535775184631},"size":8.532631874084473,"orthographic":false}