{"cameraMode":{"drawMode":0,"name":"Shaded","section":"Shading Mode"},"sceneLighting":false,"audioPlay":false,"sceneViewState":{"showFog":false,"showMaterialUpdate":false,"showSkybox":false,"showFlares":false,"showImageEffects":false,"showParticleSystems":false},"in2DMode":false,"pivot":{"x":256.45672607421877,"y":15.78396987915039,"z":-6.14173698425293},"rotation":{"x":-0.007898394018411637,"y":0.699212372303009,"z":0.007802813313901424,"w":0.7148841023445129},"size":63.44442367553711,"orthographic":false}