{"cameraMode":{"drawMode":0,"name":"Shaded","section":"Shading Mode"},"sceneLighting":false,"audioPlay":false,"sceneViewState":{"showFog":true,"showMaterialUpdate":false,"showSkybox":true,"showFlares":true,"showImageEffects":true,"showParticleSystems":true},"in2DMode":false,"pivot":{"x":10.110039710998536,"y":-0.6752974987030029,"z":4.8906073570251469},"rotation":{"x":0.08397543430328369,"y":-0.8115203976631165,"z":0.12038547545671463,"w":0.5655883550643921},"size":50.61494827270508,"orthographic":false}