{"cameraMode":{"drawMode":0,"name":"Shaded","section":"Shading Mode"},"sceneLighting":false,"audioPlay":false,"sceneViewState":{"showFog":true,"showMaterialUpdate":false,"showSkybox":true,"showFlares":true,"showImageEffects":true,"showParticleSystems":true},"in2DMode":false,"pivot":{"x":0.0,"y":-0.10628998279571533,"z":10.230413436889649},"rotation":{"x":0.056670043617486957,"y":-0.5476975440979004,"z":0.03714650124311447,"w":0.8339306712150574},"size":20.428205490112306,"orthographic":false}