{"cameraMode":{"drawMode":0,"name":"Shaded","section":"Shading Mode"},"sceneLighting":false,"audioPlay":false,"sceneViewState":{"showFog":true,"showMaterialUpdate":false,"showSkybox":false,"showFlares":true,"showImageEffects":true,"showParticleSystems":true},"in2DMode":false,"pivot":{"x":288.53582763671877,"y":-8.866767883300782,"z":-75.55570220947266},"rotation":{"x":-0.12928982079029084,"y":-0.7430832982063294,"z":0.15061873197555543,"w":-0.6392120122909546},"size":85.99835968017578,"orthographic":false}