{"cameraMode":{"drawMode":0,"name":"Shaded","section":"Shading Mode"},"sceneLighting":false,"audioPlay":false,"sceneViewState":{"showFog":false,"showMaterialUpdate":false,"showSkybox":false,"showFlares":false,"showImageEffects":false,"showParticleSystems":false},"in2DMode":false,"pivot":{"x":196.69369506835938,"y":32.39198303222656,"z":9.522796630859375},"rotation":{"x":-0.00285491906106472,"y":0.9957982301712036,"z":-0.03377141058444977,"w":-0.08537235110998154},"size":35.35914611816406,"orthographic":false}