{"cameraMode":{"drawMode":0,"name":"Shaded","section":"Shading Mode"},"sceneLighting":false,"audioPlay":false,"sceneViewState":{"showFog":false,"showMaterialUpdate":false,"showSkybox":false,"showFlares":false,"showImageEffects":false,"showParticleSystems":false},"in2DMode":false,"pivot":{"x":164.83529663085938,"y":-0.45256471633911135,"z":79.12568664550781},"rotation":{"x":0.03432055190205574,"y":0.5724542737007141,"z":-0.024744804948568345,"w":0.8191849589347839},"size":310.7524108886719,"orthographic":false}