{"cameraMode":{"drawMode":0,"name":"Shaded","section":"Shading Mode"},"sceneLighting":false,"audioPlay":false,"sceneViewState":{"showFog":false,"showMaterialUpdate":false,"showSkybox":false,"showFlares":false,"showImageEffects":false,"showParticleSystems":false},"in2DMode":false,"pivot":{"x":13.919994354248047,"y":-2.299999952316284,"z":-9.64488410949707},"rotation":{"x":-0.01710798218846321,"y":-0.9620181918144226,"z":0.26458242535591128,"w":-0.071651391685009},"size":2.9554312229156496,"orthographic":false}