{"cameraMode":{"drawMode":0,"name":"Shaded","section":"Shading Mode"},"sceneLighting":false,"audioPlay":false,"sceneViewState":{"showFog":false,"showMaterialUpdate":false,"showSkybox":false,"showFlares":false,"showImageEffects":false,"showParticleSystems":false},"in2DMode":false,"pivot":{"x":-36.49999237060547,"y":4.354865074157715,"z":-2.2509841918945314},"rotation":{"x":0.15743544697761537,"y":0.6294825077056885,"z":-0.13262100517749787,"w":0.7493973970413208},"size":143.28851318359376,"orthographic":false}