{"cameraMode":{"drawMode":0,"name":"Shaded","section":"Shading Mode"},"sceneLighting":false,"audioPlay":false,"sceneViewState":{"showFog":true,"showMaterialUpdate":false,"showSkybox":true,"showFlares":true,"showImageEffects":true,"showParticleSystems":true},"in2DMode":false,"pivot":{"x":-20.261531829833986,"y":20.736682891845704,"z":12.630945205688477},"rotation":{"x":0.014275538735091687,"y":-0.2425779104232788,"z":-0.0034653448965400459,"w":-0.9700207114219666},"size":2.8578836917877199,"orthographic":false}