{"cameraMode":{"drawMode":0,"name":"Shaded","section":"Shading Mode"},"sceneLighting":false,"audioPlay":false,"sceneViewState":{"showFog":false,"showMaterialUpdate":false,"showSkybox":false,"showFlares":false,"showImageEffects":false,"showParticleSystems":false},"in2DMode":false,"pivot":{"x":21.8695125579834,"y":-2.3902454376220705,"z":-39.701019287109378},"rotation":{"x":0.0013986757257953287,"y":0.9801908135414124,"z":-0.19076575338840486,"w":-0.0630355030298233},"size":4.390628814697266,"orthographic":false}