{"cameraMode":{"drawMode":0,"name":"Shaded","section":"Shading Mode"},"sceneLighting":false,"audioPlay":false,"sceneViewState":{"showFog":false,"showMaterialUpdate":false,"showSkybox":false,"showFlares":false,"showImageEffects":false,"showParticleSystems":false},"in2DMode":false,"pivot":{"x":-5.519999980926514,"y":-0.045500099658966067,"z":0.0},"rotation":{"x":0.018711736425757409,"y":-0.9747909903526306,"z":0.08882849663496018,"w":0.20413267612457276},"size":16.791528701782228,"orthographic":false}