{"cameraMode":{"drawMode":0,"name":"Shaded","section":"Shading Mode"},"sceneLighting":false,"audioPlay":false,"sceneViewState":{"showFog":false,"showMaterialUpdate":false,"showSkybox":false,"showFlares":false,"showImageEffects":false,"showParticleSystems":false},"in2DMode":false,"pivot":{"x":0.5077787637710571,"y":1.2160789966583253,"z":-0.00009179115295410156},"rotation":{"x":-0.010771273635327816,"y":0.7496070265769959,"z":-0.017695778980851175,"w":-0.6621017456054688},"size":1.0535191297531129,"orthographic":false}