{"cameraMode":{"drawMode":0,"name":"Shaded","section":"Shading Mode"},"sceneLighting":false,"audioPlay":false,"sceneViewState":{"showFog":true,"showMaterialUpdate":false,"showSkybox":true,"showFlares":true,"showImageEffects":true,"showParticleSystems":true},"in2DMode":false,"pivot":{"x":12.64539623260498,"y":0.2799740731716156,"z":0.4506961703300476},"rotation":{"x":0.00802623387426138,"y":-0.9919838905334473,"z":0.09132876247167587,"w":0.08707883954048157},"size":4.235517978668213,"orthographic":false}