{"cameraMode":{"drawMode":0,"name":"Shaded","section":"Shading Mode"},"sceneLighting":false,"audioPlay":false,"sceneViewState":{"showFog":false,"showMaterialUpdate":false,"showSkybox":false,"showFlares":false,"showImageEffects":false,"showParticleSystems":false},"in2DMode":false,"pivot":{"x":-0.00010204315185546875,"y":0.5327637791633606,"z":-1.4901161193847657e-8},"rotation":{"x":0.00937971007078886,"y":0.9996033310890198,"z":-0.029131894931197168,"w":0.028674239292740823},"size":2.1083202362060549,"orthographic":false}