{"cameraMode":{"drawMode":0,"name":"Shaded","section":"Shading Mode"},"sceneLighting":false,"audioPlay":false,"sceneViewState":{"showFog":true,"showMaterialUpdate":false,"showSkybox":true,"showFlares":true,"showImageEffects":true,"showParticleSystems":true},"in2DMode":false,"pivot":{"x":68.2713623046875,"y":20.183364868164064,"z":-1.1421725749969483},"rotation":{"x":-0.04607735574245453,"y":-0.9535372853279114,"z":0.22159042954444886,"w":-0.19884997606277467},"size":23.82781410217285,"orthographic":false}