{"cameraMode":{"drawMode":0,"name":"Shaded","section":"Shading Mode"},"sceneLighting":false,"audioPlay":false,"sceneViewState":{"showFog":true,"showMaterialUpdate":false,"showSkybox":true,"showFlares":true,"showImageEffects":true,"showParticleSystems":true},"in2DMode":false,"pivot":{"x":-0.8580042123794556,"y":0.25611042976379397,"z":2.0807676315307619},"rotation":{"x":-0.01014628540724516,"y":0.9875003099441528,"z":-0.14047683775424958,"w":-0.07118808478116989},"size":5.792857646942139,"orthographic":false}