{"cameraMode":{"drawMode":0,"name":"Shaded","section":"Shading Mode"},"sceneLighting":false,"audioPlay":false,"sceneViewState":{"showFog":true,"showMaterialUpdate":false,"showSkybox":true,"showFlares":true,"showImageEffects":true,"showParticleSystems":true},"in2DMode":false,"pivot":{"x":13.492141723632813,"y":0.2300727367401123,"z":0.018943190574645997},"rotation":{"x":0.0027773091569542886,"y":-0.9953451156616211,"z":0.09164024144411087,"w":0.030423825606703759},"size":3.5611462593078615,"orthographic":false}