{"cameraMode":{"drawMode":0,"name":"Shaded","section":"Shading Mode"},"sceneLighting":false,"audioPlay":false,"sceneViewState":{"showFog":false,"showMaterialUpdate":false,"showSkybox":false,"showFlares":false,"showImageEffects":false,"showParticleSystems":false},"in2DMode":false,"pivot":{"x":1260.0999755859375,"y":10011.01953125,"z":12292.400390625},"rotation":{"x":-0.0745343267917633,"y":-0.33486229181289675,"z":0.02569657377898693,"w":-0.9392268657684326},"size":240.81930541992188,"orthographic":false}