{"cameraMode":{"drawMode":0,"name":"Shaded","section":"Shading Mode"},"sceneLighting":false,"audioPlay":false,"sceneViewState":{"showFog":true,"showMaterialUpdate":false,"showSkybox":true,"showFlares":true,"showImageEffects":true,"showParticleSystems":true},"in2DMode":false,"pivot":{"x":12.64539623260498,"y":0.2799740731716156,"z":0.4506961703300476},"rotation":{"x":0.09798973798751831,"y":-0.6890960335731506,"z":0.09486065059900284,"w":0.7117348313331604},"size":9.031850814819336,"orthographic":false}