{"cameraMode":{"drawMode":0,"name":"Shaded","section":"Shading Mode"},"sceneLighting":false,"audioPlay":false,"sceneViewState":{"showFog":true,"showMaterialUpdate":false,"showSkybox":false,"showFlares":true,"showImageEffects":true,"showParticleSystems":true},"in2DMode":false,"pivot":{"x":172.6727752685547,"y":13.600717544555664,"z":-53.579036712646487},"rotation":{"x":-0.006518254522234201,"y":-0.9884118437767029,"z":0.14666154980659486,"w":-0.04367192089557648},"size":4.634223937988281,"orthographic":false}