{"cameraMode":{"drawMode":0,"name":"Shaded","section":"Shading Mode"},"sceneLighting":false,"audioPlay":false,"sceneViewState":{"showFog":false,"showMaterialUpdate":false,"showSkybox":false,"showFlares":false,"showImageEffects":false,"showParticleSystems":false},"in2DMode":false,"pivot":{"x":135.27096557617188,"y":9.544092178344727,"z":-12.354093551635743},"rotation":{"x":-0.0012652932200580836,"y":0.9951010942459106,"z":-0.09823339432477951,"w":-0.013462210074067116},"size":18.653831481933595,"orthographic":false}