{"cameraMode":{"drawMode":0,"name":"Shaded","section":"Shading Mode"},"sceneLighting":false,"audioPlay":false,"sceneViewState":{"showFog":true,"showMaterialUpdate":false,"showSkybox":true,"showFlares":true,"showImageEffects":true,"showParticleSystems":true},"in2DMode":false,"pivot":{"x":0.07487036287784577,"y":-0.06272892653942108,"z":0.1352699100971222},"rotation":{"x":-0.19085371494293214,"y":0.6905362010002136,"z":-0.19695335626602174,"w":-0.6693103313446045},"size":1.9455969333648682,"orthographic":false}