{"cameraMode":{"drawMode":0,"name":"Shaded","section":"Shading Mode"},"sceneLighting":false,"audioPlay":false,"sceneViewState":{"showFog":false,"showMaterialUpdate":false,"showSkybox":false,"showFlares":false,"showImageEffects":false,"showParticleSystems":false},"in2DMode":false,"pivot":{"x":13.982528686523438,"y":-2.299999952316284,"z":-6.743496417999268},"rotation":{"x":-0.18378320336341859,"y":0.6276118755340576,"z":-0.15277893841266633,"w":-0.7415509223937988},"size":3.2055771350860597,"orthographic":false}