{"cameraMode":{"drawMode":0,"name":"Shaded","section":"Shading Mode"},"sceneLighting":false,"audioPlay":false,"sceneViewState":{"showFog":false,"showMaterialUpdate":false,"showSkybox":false,"showFlares":false,"showImageEffects":false,"showParticleSystems":false},"in2DMode":false,"pivot":{"x":-34.270057678222659,"y":6.911674976348877,"z":-3.1195871829986574},"rotation":{"x":-0.06686878949403763,"y":-0.8589508533477783,"z":0.11719554662704468,"w":-0.49448344111442568},"size":238.9712677001953,"orthographic":false}