{"cameraMode":{"drawMode":0,"name":"Shaded","section":"Shading Mode"},"sceneLighting":false,"audioPlay":false,"sceneViewState":{"showFog":true,"showMaterialUpdate":false,"showSkybox":true,"showFlares":true,"showImageEffects":true,"showParticleSystems":true},"in2DMode":false,"pivot":{"x":13.324810981750489,"y":1.0417070388793946,"z":4.025684833526611},"rotation":{"x":-0.11686039716005326,"y":0.05541857331991196,"z":-0.006515813060104847,"w":-0.9915797114372253},"size":4.592684745788574,"orthographic":false}