{"cameraMode":{"drawMode":0,"name":"Shaded","section":"Shading Mode"},"sceneLighting":false,"audioPlay":false,"sceneViewState":{"showFog":true,"showMaterialUpdate":false,"showSkybox":true,"showFlares":true,"showImageEffects":true,"showParticleSystems":true},"in2DMode":false,"pivot":{"x":-0.13652515411376954,"y":0.8812094926834106,"z":-0.15871810913085938},"rotation":{"x":0.010814652778208256,"y":-0.4797618091106415,"z":0.0058789560571312908,"w":0.8773193359375},"size":4.34559440612793,"orthographic":false}