{"cameraMode":{"drawMode":0,"name":"Shaded","section":"Shading Mode"},"sceneLighting":false,"audioPlay":false,"sceneViewState":{"showFog":false,"showMaterialUpdate":false,"showSkybox":false,"showFlares":false,"showImageEffects":false,"showParticleSystems":false},"in2DMode":false,"pivot":{"x":13.91558837890625,"y":-2.1000001430511476,"z":-7.699999809265137},"rotation":{"x":-0.02006339281797409,"y":-0.9683567881584168,"z":0.2322978675365448,"w":-0.09396767616271973},"size":4.265671730041504,"orthographic":false}