{"cameraMode":{"drawMode":0,"name":"Shaded","section":"Shading Mode"},"sceneLighting":false,"audioPlay":false,"sceneViewState":{"showFog":true,"showMaterialUpdate":false,"showSkybox":true,"showFlares":true,"showImageEffects":true,"showParticleSystems":true},"in2DMode":false,"pivot":{"x":0.9866176247596741,"y":-0.11472725868225098,"z":0.980659008026123},"rotation":{"x":0.012612943537533284,"y":-0.9863366484642029,"z":0.13729259371757508,"w":0.09017978608608246},"size":4.947900295257568,"orthographic":false}