{"cameraMode":{"drawMode":0,"name":"Shaded","section":"Shading Mode"},"sceneLighting":false,"audioPlay":false,"sceneViewState":{"showFog":true,"showMaterialUpdate":false,"showSkybox":false,"showFlares":true,"showImageEffects":true,"showParticleSystems":true},"in2DMode":false,"pivot":{"x":-0.059999704360961917,"y":-0.5309238433837891,"z":-0.10183323919773102},"rotation":{"x":0.005921028554439545,"y":-0.9936487078666687,"z":0.09298677742481232,"w":0.06328879296779633},"size":7.430760383605957,"orthographic":false}