{"cameraMode":{"drawMode":0,"name":"Shaded","section":"Shading Mode"},"sceneLighting":false,"audioPlay":false,"sceneViewState":{"showFog":false,"showMaterialUpdate":false,"showSkybox":false,"showFlares":false,"showImageEffects":false,"showParticleSystems":false},"in2DMode":false,"pivot":{"x":112.14095306396485,"y":-17.319421768188478,"z":19971.853515625},"rotation":{"x":-0.006186504382640123,"y":-0.9934794306755066,"z":0.05754818767309189,"w":-0.10032957792282105},"size":238.37033081054688,"orthographic":false}