{"cameraMode":{"drawMode":0,"name":"Shaded","section":"Shading Mode"},"sceneLighting":false,"audioPlay":false,"sceneViewState":{"showFog":true,"showMaterialUpdate":false,"showSkybox":true,"showFlares":true,"showImageEffects":true,"showParticleSystems":true},"in2DMode":false,"pivot":{"x":10.812498092651368,"y":1.8247032165527344,"z":1.044332504272461},"rotation":{"x":0.01817450486123562,"y":-0.12476653605699539,"z":0.002225682372227311,"w":0.9920172095298767},"size":37.772830963134769,"orthographic":false}