{"cameraMode":{"drawMode":0,"name":"Shaded","section":"Shading Mode"},"sceneLighting":false,"audioPlay":false,"sceneViewState":{"showFog":false,"showMaterialUpdate":false,"showSkybox":false,"showFlares":false,"showImageEffects":false,"showParticleSystems":false},"in2DMode":false,"pivot":{"x":-0.07387381792068482,"y":0.4494848847389221,"z":1.1920928955078126e-7},"rotation":{"x":-0.0053917174227535728,"y":0.47982022166252139,"z":-0.0138811394572258,"w":-0.8778245449066162},"size":3.381704568862915,"orthographic":false}