{"cameraMode":{"drawMode":0,"name":"Shaded","section":"Shading Mode"},"sceneLighting":false,"audioPlay":false,"sceneViewState":{"showFog":false,"showMaterialUpdate":false,"showSkybox":false,"showFlares":false,"showImageEffects":false,"showParticleSystems":false},"in2DMode":false,"pivot":{"x":14.0438232421875,"y":-2.250000238418579,"z":-11.94648551940918},"rotation":{"x":0.014269277453422547,"y":0.9901114106178284,"z":-0.13958927989006043,"w":0.03186924010515213},"size":3.50406551361084,"orthographic":false}