{"cameraMode":{"drawMode":0,"name":"Shaded","section":"Shading Mode"},"sceneLighting":false,"audioPlay":false,"sceneViewState":{"showFog":true,"showMaterialUpdate":false,"showSkybox":true,"showFlares":true,"showImageEffects":true,"showParticleSystems":true},"in2DMode":false,"pivot":{"x":22.376253128051759,"y":-0.652803897857666,"z":0.09459781646728516},"rotation":{"x":0.15100577473640443,"y":-0.7109079957008362,"z":0.1606592983007431,"w":0.6678398847579956},"size":57.32868194580078,"orthographic":false}