{"cameraMode":{"drawMode":0,"name":"Shaded","section":"Shading Mode"},"sceneLighting":false,"audioPlay":false,"sceneViewState":{"showFog":false,"showMaterialUpdate":false,"showSkybox":false,"showFlares":false,"showImageEffects":false,"showParticleSystems":false},"in2DMode":false,"pivot":{"x":278.0164489746094,"y":25.36909294128418,"z":-96.00313568115235},"rotation":{"x":-0.06277119368314743,"y":0.6998247504234314,"z":0.05843783915042877,"w":0.70982426404953},"size":44.06920623779297,"orthographic":false}