{"cameraMode":{"drawMode":0,"name":"Shaded","section":"Shading Mode"},"sceneLighting":false,"audioPlay":false,"sceneViewState":{"showFog":true,"showMaterialUpdate":false,"showSkybox":true,"showFlares":true,"showImageEffects":true,"showParticleSystems":true},"in2DMode":false,"pivot":{"x":13.205872535705567,"y":-5.0,"z":4.388689041137695},"rotation":{"x":-0.16146862506866456,"y":-0.039630092680454257,"z":0.0065040732733905319,"w":-0.9860641956329346},"size":4.079548358917236,"orthographic":false}