{"cameraMode":{"drawMode":0,"name":"Shaded","section":"Shading Mode"},"sceneLighting":false,"audioPlay":false,"sceneViewState":{"showFog":false,"showMaterialUpdate":false,"showSkybox":false,"showFlares":false,"showImageEffects":false,"showParticleSystems":false},"in2DMode":false,"pivot":{"x":-0.11969488859176636,"y":1.0898857116699219,"z":0.00004589557647705078},"rotation":{"x":0.003455695929005742,"y":0.999778687953949,"z":-0.0055084917694330219,"w":-0.033443011343479159},"size":3.7301266193389894,"orthographic":false}