{"cameraMode":{"drawMode":0,"name":"Shaded","section":"Shading Mode"},"sceneLighting":false,"audioPlay":false,"sceneViewState":{"showFog":true,"showMaterialUpdate":false,"showSkybox":true,"showFlares":true,"showImageEffects":true,"showParticleSystems":true},"in2DMode":false,"pivot":{"x":-0.17891311645507813,"y":-0.40316957235336306,"z":0.06244242191314697},"rotation":{"x":-0.11076044291257858,"y":0.7701305747032166,"z":-0.139161616563797,"w":-0.6125970482826233},"size":6.3819732666015629,"orthographic":false}