{"cameraMode":{"drawMode":0,"name":"Shaded","section":"Shading Mode"},"sceneLighting":false,"audioPlay":false,"sceneViewState":{"showFog":false,"showMaterialUpdate":false,"showSkybox":false,"showFlares":false,"showImageEffects":false,"showParticleSystems":false},"in2DMode":false,"pivot":{"x":259.9762878417969,"y":6.591083526611328,"z":-6.406630516052246},"rotation":{"x":0.3423289954662323,"y":0.622934877872467,"z":-0.34915634989738467,"w":0.6106764078140259},"size":28.366750717163087,"orthographic":false}