{"cameraMode":{"drawMode":0,"name":"Shaded","section":"Shading Mode"},"sceneLighting":false,"audioPlay":false,"sceneViewState":{"showFog":false,"showMaterialUpdate":false,"showSkybox":false,"showFlares":false,"showImageEffects":false,"showParticleSystems":false},"in2DMode":false,"pivot":{"x":8.600069046020508,"y":1.4985103607177735,"z":7.8210883140563969},"rotation":{"x":0.008123695850372315,"y":0.9906784892082214,"z":-0.08777190744876862,"w":0.1082475557923317},"size":2.3854188919067385,"orthographic":false}