{"cameraMode":{"drawMode":0,"name":"Shaded","section":"Shading Mode"},"sceneLighting":false,"audioPlay":false,"sceneViewState":{"showFog":false,"showMaterialUpdate":false,"showSkybox":false,"showFlares":false,"showImageEffects":false,"showParticleSystems":false},"in2DMode":false,"pivot":{"x":241.53775024414063,"y":18.213260650634767,"z":-4.492276191711426},"rotation":{"x":0.10477885603904724,"y":0.6650384664535523,"z":-0.0950024425983429,"w":0.7334387898445129},"size":12.3927001953125,"orthographic":false}