{"cameraMode":{"drawMode":0,"name":"Shaded","section":"Shading Mode"},"sceneLighting":false,"audioPlay":false,"sceneViewState":{"showFog":false,"showMaterialUpdate":false,"showSkybox":false,"showFlares":false,"showImageEffects":false,"showParticleSystems":false},"in2DMode":false,"pivot":{"x":8.600069046020508,"y":1.4985103607177735,"z":7.8210883140563969},"rotation":{"x":-0.17284740507602693,"y":-0.6818234920501709,"z":0.17072336375713349,"w":-0.6900214552879334},"size":2.3854188919067385,"orthographic":false}