{"cameraMode":{"drawMode":0,"name":"Shaded","section":"Shading Mode"},"sceneLighting":false,"audioPlay":false,"sceneViewState":{"showFog":true,"showMaterialUpdate":false,"showSkybox":true,"showFlares":true,"showImageEffects":true,"showParticleSystems":true},"in2DMode":false,"pivot":{"x":13.324810981750489,"y":1.0417070388793946,"z":4.025684833526611},"rotation":{"x":-0.07114146649837494,"y":0.7701480984687805,"z":-0.08724331110715866,"w":-0.6278571486473084},"size":5.792685508728027,"orthographic":false}