{"cameraMode":{"drawMode":0,"name":"Shaded","section":"Shading Mode"},"sceneLighting":false,"audioPlay":false,"sceneViewState":{"showFog":true,"showMaterialUpdate":false,"showSkybox":true,"showFlares":true,"showImageEffects":true,"showParticleSystems":true},"in2DMode":false,"pivot":{"x":16.68999671936035,"y":0.12536859512329102,"z":0.477535605430603},"rotation":{"x":0.03005925379693508,"y":-0.8722791075706482,"z":0.05396350845694542,"w":0.485120952129364},"size":4.158542633056641,"orthographic":false}