{"cameraMode":{"drawMode":0,"name":"Shaded","section":"Shading Mode"},"sceneLighting":false,"audioPlay":false,"sceneViewState":{"showFog":false,"showMaterialUpdate":false,"showSkybox":false,"showFlares":false,"showImageEffects":false,"showParticleSystems":false},"in2DMode":false,"pivot":{"x":-0.016428574919700624,"y":0.0005667507648468018,"z":0.00054413010366261},"rotation":{"x":-0.012685848399996758,"y":-0.9876500964164734,"z":0.1607888787984848,"w":0.0015646419487893582},"size":0.14406120777130128,"orthographic":false}