{"cameraMode":{"drawMode":0,"name":"Shaded","section":"Shading Mode"},"sceneLighting":false,"audioPlay":false,"sceneViewState":{"showFog":false,"showMaterialUpdate":false,"showSkybox":false,"showFlares":false,"showImageEffects":false,"showParticleSystems":false},"in2DMode":false,"pivot":{"x":14.3699951171875,"y":-2.299999952316284,"z":-9.64488410949707},"rotation":{"x":0.012563258409500122,"y":0.9365344047546387,"z":-0.35174715518951418,"w":0.007084364537149668},"size":3.2573652267456056,"orthographic":false}