{"cameraMode":{"drawMode":0,"name":"Shaded","section":"Shading Mode"},"sceneLighting":false,"audioPlay":false,"sceneViewState":{"showFog":false,"showMaterialUpdate":false,"showSkybox":false,"showFlares":false,"showImageEffects":false,"showParticleSystems":false},"in2DMode":false,"pivot":{"x":13.272872924804688,"y":-2.1000003814697267,"z":-8.600000381469727},"rotation":{"x":0.0013572387397289277,"y":-0.9769399762153626,"z":0.2156081646680832,"w":-0.0035089266020804645},"size":4.485641956329346,"orthographic":false}