{"cameraMode":{"drawMode":0,"name":"Shaded","section":"Shading Mode"},"sceneLighting":false,"audioPlay":false,"sceneViewState":{"showFog":true,"showMaterialUpdate":false,"showSkybox":true,"showFlares":true,"showImageEffects":true,"showParticleSystems":true},"in2DMode":false,"pivot":{"x":-0.37508028745651247,"y":0.8326488733291626,"z":-0.08523750305175781},"rotation":{"x":-0.0001426150556653738,"y":-0.9918689131736755,"z":0.12746475636959077,"w":-0.0009357569506391883},"size":6.353507995605469,"orthographic":false}