{"cameraMode":{"drawMode":0,"name":"Shaded","section":"Shading Mode"},"sceneLighting":false,"audioPlay":false,"sceneViewState":{"showFog":true,"showMaterialUpdate":false,"showSkybox":true,"showFlares":true,"showImageEffects":true,"showParticleSystems":true},"in2DMode":false,"pivot":{"x":73.0,"y":4.750002861022949,"z":-0.000001430511474609375},"rotation":{"x":0.3669065535068512,"y":-0.5958787798881531,"z":0.3512795865535736,"w":0.6220215559005737},"size":77.74735260009766,"orthographic":false}