{"cameraMode":{"drawMode":0,"name":"Shaded","section":"Shading Mode"},"sceneLighting":false,"audioPlay":false,"sceneViewState":{"showFog":true,"showMaterialUpdate":false,"showSkybox":true,"showFlares":true,"showImageEffects":true,"showParticleSystems":true},"in2DMode":false,"pivot":{"x":13.460000038146973,"y":0.19999969005584718,"z":0.0},"rotation":{"x":0.01817450486123562,"y":-0.12476653605699539,"z":0.002225682372227311,"w":0.9920172095298767},"size":13.645755767822266,"orthographic":false}