{"cameraMode":{"drawMode":0,"name":"Shaded","section":"Shading Mode"},"sceneLighting":false,"audioPlay":false,"sceneViewState":{"showFog":true,"showMaterialUpdate":true,"showSkybox":true,"showFlares":true,"showImageEffects":true,"showParticleSystems":true},"in2DMode":false,"pivot":{"x":8.686309814453125,"y":-2.354301929473877,"z":2.768899917602539},"rotation":{"x":-0.060952167958021167,"y":0.7431922554969788,"z":-0.06849872320890427,"w":-0.66294926404953},"size":21.75194549560547,"orthographic":false}