{"cameraMode":{"drawMode":0,"name":"Shaded","section":"Shading Mode"},"sceneLighting":false,"audioPlay":false,"sceneViewState":{"showFog":false,"showMaterialUpdate":false,"showSkybox":false,"showFlares":false,"showImageEffects":false,"showParticleSystems":false},"in2DMode":false,"pivot":{"x":38.10084533691406,"y":0.036029815673828128,"z":15937.119140625},"rotation":{"x":-0.15027284622192384,"y":0.031125904992222787,"z":-0.004439109470695257,"w":-0.9882309436798096},"size":142.4850616455078,"orthographic":false}