{"cameraMode":{"drawMode":0,"name":"Shaded","section":"Shading Mode"},"sceneLighting":false,"audioPlay":false,"sceneViewState":{"showFog":true,"showMaterialUpdate":false,"showSkybox":false,"showFlares":true,"showImageEffects":true,"showParticleSystems":true},"in2DMode":false,"pivot":{"x":-4.76837158203125e-7,"y":-0.53092360496521,"z":0.037657231092453},"rotation":{"x":0.011186329647898674,"y":0.9823513627052307,"z":-0.17754493653774262,"w":0.06172085925936699},"size":5.311620712280273,"orthographic":false}