{"cameraMode":{"drawMode":0,"name":"Shaded","section":"Shading Mode"},"sceneLighting":false,"audioPlay":false,"sceneViewState":{"showFog":true,"showMaterialUpdate":false,"showSkybox":false,"showFlares":true,"showImageEffects":true,"showParticleSystems":true},"in2DMode":false,"pivot":{"x":150.91612243652345,"y":-82.00093078613281,"z":-7936.91748046875},"rotation":{"x":-0.30198806524276736,"y":0.6443111300468445,"z":-0.3078611195087433,"w":-0.6317989826202393},"size":351.8264465332031,"orthographic":false}