{"cameraMode":{"drawMode":0,"name":"Shaded","section":"Shading Mode"},"sceneLighting":false,"audioPlay":false,"sceneViewState":{"showFog":false,"showMaterialUpdate":false,"showSkybox":false,"showFlares":false,"showImageEffects":false,"showParticleSystems":false},"in2DMode":false,"pivot":{"x":0.060172200202941897,"y":-0.010114312171936036,"z":-0.00004589557647705078},"rotation":{"x":-0.0775800570845604,"y":0.7262923121452332,"z":-0.08853059262037277,"w":-0.6777635216712952},"size":3.6146392822265627,"orthographic":false}