{"cameraMode":{"drawMode":0,"name":"Shaded","section":"Shading Mode"},"sceneLighting":false,"audioPlay":false,"sceneViewState":{"showFog":true,"showMaterialUpdate":false,"showSkybox":false,"showFlares":true,"showImageEffects":true,"showParticleSystems":true},"in2DMode":false,"pivot":{"x":15.4399995803833,"y":6.5,"z":0.36000001430511477},"rotation":{"x":-0.9370593428611755,"y":-0.06243770942091942,"z":-0.2599206268787384,"w":0.22484461963176728},"size":12.110520362854004,"orthographic":false}