{"cameraMode":{"drawMode":0,"name":"Shaded","section":"Shading Mode"},"sceneLighting":false,"audioPlay":false,"sceneViewState":{"showFog":false,"showMaterialUpdate":false,"showSkybox":false,"showFlares":false,"showImageEffects":false,"showParticleSystems":false},"in2DMode":false,"pivot":{"x":72.18628692626953,"y":-34.83965301513672,"z":11974.9990234375},"rotation":{"x":-0.14649832248687745,"y":-0.7251031994819641,"z":0.16285356879234315,"w":-0.6530930995941162},"size":216.0408477783203,"orthographic":false}