{"cameraMode":{"drawMode":0,"name":"Shaded","section":"Shading Mode"},"sceneLighting":false,"audioPlay":false,"sceneViewState":{"showFog":false,"showMaterialUpdate":false,"showSkybox":false,"showFlares":false,"showImageEffects":false,"showParticleSystems":false},"in2DMode":false,"pivot":{"x":0.09816676378250122,"y":-1.030923843383789,"z":-2.384185791015625e-7},"rotation":{"x":-0.00878236535936594,"y":-1.0001076459884644,"z":0.020527947694063188,"w":0.015683038160204889},"size":7.430759429931641,"orthographic":false}