{"cameraMode":{"drawMode":0,"name":"Shaded","section":"Shading Mode"},"sceneLighting":false,"audioPlay":false,"sceneViewState":{"showFog":true,"showMaterialUpdate":false,"showSkybox":true,"showFlares":true,"showImageEffects":true,"showParticleSystems":true},"in2DMode":false,"pivot":{"x":-0.07034444063901901,"y":1.1279586553573609,"z":1.4202131032943726},"rotation":{"x":-0.0028590562287718059,"y":0.9918080568313599,"z":-0.1259426474571228,"w":-0.021653197705745698},"size":5.192857265472412,"orthographic":false}