{"cameraMode":{"drawMode":0,"name":"Shaded","section":"Shading Mode"},"sceneLighting":false,"audioPlay":false,"sceneViewState":{"showFog":true,"showMaterialUpdate":false,"showSkybox":false,"showFlares":true,"showImageEffects":true,"showParticleSystems":true},"in2DMode":false,"pivot":{"x":-0.07389646768569946,"y":-0.057000160217285159,"z":-0.07389643788337708},"rotation":{"x":0.05649955943226814,"y":-0.7987393140792847,"z":0.07596113532781601,"w":0.5942087173461914},"size":4.991203308105469,"orthographic":false}