{"cameraMode":{"drawMode":0,"name":"Shaded","section":"Shading Mode"},"sceneLighting":false,"audioPlay":false,"sceneViewState":{"showFog":true,"showMaterialUpdate":false,"showSkybox":true,"showFlares":true,"showImageEffects":true,"showParticleSystems":true},"in2DMode":false,"pivot":{"x":13.324810981750489,"y":1.087414264678955,"z":4.025684833526611},"rotation":{"x":0.017483295872807504,"y":0.9192405939102173,"z":-0.3911561369895935,"w":0.041142139583826068},"size":8.950474739074707,"orthographic":false}