{"cameraMode":{"drawMode":0,"name":"Shaded","section":"Shading Mode"},"sceneLighting":false,"audioPlay":false,"sceneViewState":{"showFog":true,"showMaterialUpdate":false,"showSkybox":true,"showFlares":true,"showImageEffects":true,"showParticleSystems":true},"in2DMode":false,"pivot":{"x":6.564903259277344,"y":-3.0151710510253908,"z":-0.9330142140388489},"rotation":{"x":0.04067391902208328,"y":-0.7368738651275635,"z":0.044481951743364337,"w":0.6733379364013672},"size":97.46647644042969,"orthographic":false}