{"cameraMode":{"drawMode":0,"name":"Shaded","section":"Shading Mode"},"sceneLighting":false,"audioPlay":false,"sceneViewState":{"showFog":false,"showMaterialUpdate":false,"showSkybox":false,"showFlares":false,"showImageEffects":false,"showParticleSystems":false},"in2DMode":false,"pivot":{"x":10065.9052734375,"y":10049.8994140625,"z":8779.873046875},"rotation":{"x":-0.22752541303634644,"y":-0.6645376682281494,"z":0.22393091022968293,"w":-0.675752580165863},"size":98.15357208251953,"orthographic":false}