{"cameraMode":{"drawMode":0,"name":"Shaded","section":"Shading Mode"},"sceneLighting":false,"audioPlay":false,"sceneViewState":{"showFog":true,"showMaterialUpdate":false,"showSkybox":false,"showFlares":true,"showImageEffects":true,"showParticleSystems":true},"in2DMode":false,"pivot":{"x":-1.8499999046325684,"y":0.4429999589920044,"z":0.0},"rotation":{"x":0.05385686829686165,"y":-0.26024433970451357,"z":0.014527802355587483,"w":0.9639450907707214},"size":23.994029998779298,"orthographic":false}