{"cameraMode":{"drawMode":0,"name":"Shaded","section":"Shading Mode"},"sceneLighting":false,"audioPlay":false,"sceneViewState":{"showFog":true,"showMaterialUpdate":false,"showSkybox":false,"showFlares":true,"showImageEffects":true,"showParticleSystems":true},"in2DMode":false,"pivot":{"x":44.85201644897461,"y":37.27294921875,"z":-230.328125},"rotation":{"x":0.3088859021663666,"y":-0.47251880168914797,"z":0.18138648569583894,"w":0.8053642511367798},"size":17.21103858947754,"orthographic":false}