{"cameraMode":{"drawMode":0,"name":"Shaded","section":"Shading Mode"},"sceneLighting":false,"audioPlay":false,"sceneViewState":{"showFog":false,"showMaterialUpdate":false,"showSkybox":false,"showFlares":false,"showImageEffects":false,"showParticleSystems":false},"in2DMode":false,"pivot":{"x":82.60000610351563,"y":13.557525634765625,"z":-9.95000171661377},"rotation":{"x":-0.0745343267917633,"y":-0.33486229181289675,"z":0.02569657377898693,"w":-0.9392268657684326},"size":34.39344024658203,"orthographic":false}