{"cameraMode":{"drawMode":0,"name":"Shaded","section":"Shading Mode"},"sceneLighting":false,"audioPlay":false,"sceneViewState":{"showFog":false,"showMaterialUpdate":false,"showSkybox":false,"showFlares":false,"showImageEffects":false,"showParticleSystems":false},"in2DMode":false,"pivot":{"x":0.055495500564575198,"y":-0.010114312171936036,"z":-0.00004589557647705078},"rotation":{"x":-0.06279689818620682,"y":0.13401414453983308,"z":-0.012201911769807339,"w":-0.9892771244049072},"size":1.8058621883392335,"orthographic":false}