{"cameraMode":{"drawMode":0,"name":"Shaded","section":"Shading Mode"},"sceneLighting":false,"audioPlay":false,"sceneViewState":{"showFog":false,"showMaterialUpdate":false,"showSkybox":false,"showFlares":false,"showImageEffects":false,"showParticleSystems":false},"in2DMode":false,"pivot":{"x":-0.27068185806274416,"y":3.1145310401916506,"z":0.11843755841255188},"rotation":{"x":-0.008710297755897046,"y":-0.9959897994995117,"z":0.01225549541413784,"w":0.09325367957353592},"size":15.866355895996094,"orthographic":false}