{"cameraMode":{"drawMode":0,"name":"Shaded","section":"Shading Mode"},"sceneLighting":false,"audioPlay":false,"sceneViewState":{"showFog":true,"showMaterialUpdate":false,"showSkybox":false,"showFlares":true,"showImageEffects":true,"showParticleSystems":true},"in2DMode":false,"pivot":{"x":-0.12861251831054688,"y":-0.253441721200943,"z":0.5767800807952881},"rotation":{"x":0.09950068593025208,"y":-0.6411439776420593,"z":0.084344781935215,"w":0.7562826871871948},"size":21.581417083740236,"orthographic":false}