{"cameraMode":{"drawMode":0,"name":"Shaded","section":"Shading Mode"},"sceneLighting":false,"audioPlay":false,"sceneViewState":{"showFog":true,"showMaterialUpdate":false,"showSkybox":false,"showFlares":true,"showImageEffects":true,"showParticleSystems":true},"in2DMode":false,"pivot":{"x":0.5351269245147705,"y":-0.9802836179733276,"z":-0.8695399761199951},"rotation":{"x":0.22625593841075898,"y":0.04770230874419212,"z":-0.008601262234151364,"w":0.9732052087783814},"size":4.124448776245117,"orthographic":false}