{"cameraMode":{"drawMode":0,"name":"Shaded","section":"Shading Mode"},"sceneLighting":false,"audioPlay":false,"sceneViewState":{"showFog":false,"showMaterialUpdate":false,"showSkybox":false,"showFlares":false,"showImageEffects":false,"showParticleSystems":false},"in2DMode":false,"pivot":{"x":199.375,"y":30.55499839782715,"z":0.12499713897705078},"rotation":{"x":-0.005720621906220913,"y":0.9804636240005493,"z":-0.19456933438777924,"w":-0.029466843232512475},"size":65.72286224365235,"orthographic":false}