{"cameraMode":{"drawMode":0,"name":"Shaded","section":"Shading Mode"},"sceneLighting":false,"audioPlay":false,"sceneViewState":{"showFog":false,"showMaterialUpdate":false,"showSkybox":false,"showFlares":false,"showImageEffects":false,"showParticleSystems":false},"in2DMode":false,"pivot":{"x":0.8656549453735352,"y":-0.4055020809173584,"z":0.004090785980224609},"rotation":{"x":-0.12804998457431794,"y":0.006841910071671009,"z":-0.00466076610609889,"w":-0.992097020149231},"size":2.9842867851257326,"orthographic":false}