{"cameraMode":{"drawMode":0,"name":"Shaded","section":"Shading Mode"},"sceneLighting":false,"audioPlay":false,"sceneViewState":{"showFog":false,"showMaterialUpdate":false,"showSkybox":false,"showFlares":false,"showImageEffects":false,"showParticleSystems":false},"in2DMode":false,"pivot":{"x":13.324810981750489,"y":1.087414264678955,"z":4.025684833526611},"rotation":{"x":-0.11468695104122162,"y":-0.7313297986984253,"z":0.1269141584634781,"w":-0.6602624654769898},"size":0.7853686809539795,"orthographic":false}