{"cameraMode":{"drawMode":0,"name":"Shaded","section":"Shading Mode"},"sceneLighting":false,"audioPlay":false,"sceneViewState":{"showFog":false,"showMaterialUpdate":false,"showSkybox":false,"showFlares":false,"showImageEffects":false,"showParticleSystems":false},"in2DMode":false,"pivot":{"x":-4.214168071746826,"y":2.487271308898926,"z":1.8291734457015992},"rotation":{"x":0.45703834295272829,"y":0.028238460421562196,"z":-0.01467604748904705,"w":0.8889434933662415},"size":6.572897434234619,"orthographic":false}