{"cameraMode":{"drawMode":0,"name":"Shaded","section":"Shading Mode"},"sceneLighting":false,"audioPlay":false,"sceneViewState":{"showFog":false,"showMaterialUpdate":false,"showSkybox":false,"showFlares":false,"showImageEffects":false,"showParticleSystems":false},"in2DMode":false,"pivot":{"x":-34.569522857666019,"y":4.46535587310791,"z":-2.200000762939453},"rotation":{"x":0.09641355276107788,"y":-0.17749926447868348,"z":0.02738274820148945,"w":0.9794815182685852},"size":453.11346435546877,"orthographic":false}