{"cameraMode":{"drawMode":0,"name":"Shaded","section":"Shading Mode"},"sceneLighting":false,"audioPlay":false,"sceneViewState":{"showFog":true,"showMaterialUpdate":false,"showSkybox":false,"showFlares":true,"showImageEffects":true,"showParticleSystems":true},"in2DMode":false,"pivot":{"x":-0.10611081123352051,"y":2.286025285720825,"z":-0.06049802899360657},"rotation":{"x":0.08637425303459168,"y":-0.6442718505859375,"z":-0.0735478475689888,"w":-0.7563413977622986},"size":2.8562026023864748,"orthographic":false}