{"cameraMode":{"drawMode":0,"name":"Shaded","section":"Shading Mode"},"sceneLighting":false,"audioPlay":false,"sceneViewState":{"showFog":true,"showMaterialUpdate":false,"showSkybox":false,"showFlares":true,"showImageEffects":true,"showParticleSystems":true},"in2DMode":false,"pivot":{"x":0.12000018358230591,"y":-1.3219239711761475,"z":-1.650833249092102},"rotation":{"x":0.0005723231588490307,"y":-0.990943193435669,"z":-0.13428370654582978,"w":-0.0039022837299853565},"size":7.430760383605957,"orthographic":false}