{"cameraMode":{"drawMode":0,"name":"Shaded","section":"Shading Mode"},"sceneLighting":false,"audioPlay":false,"sceneViewState":{"showFog":true,"showMaterialUpdate":false,"showSkybox":true,"showFlares":true,"showImageEffects":true,"showParticleSystems":true},"in2DMode":false,"pivot":{"x":0.01847720891237259,"y":-0.4830716848373413,"z":0.038559213280677798},"rotation":{"x":-0.04563111066818237,"y":0.7514296770095825,"z":-0.052095238119363788,"w":-0.6561816334724426},"size":12.197972297668457,"orthographic":false}