{"cameraMode":{"drawMode":0,"name":"Shaded","section":"Shading Mode"},"sceneLighting":false,"audioPlay":false,"sceneViewState":{"showFog":true,"showMaterialUpdate":false,"showSkybox":false,"showFlares":true,"showImageEffects":true,"showParticleSystems":true},"in2DMode":false,"pivot":{"x":-0.6997528076171875,"y":-1.2531585693359376,"z":-0.0695343017578125},"rotation":{"x":0.003645714372396469,"y":0.9965450167655945,"z":-0.0601736456155777,"w":0.061117835342884067},"size":13.256292343139649,"orthographic":false}