{"cameraMode":{"drawMode":0,"name":"Shaded","section":"Shading Mode"},"sceneLighting":false,"audioPlay":false,"sceneViewState":{"showFog":true,"showMaterialUpdate":false,"showSkybox":true,"showFlares":true,"showImageEffects":true,"showParticleSystems":true},"in2DMode":false,"pivot":{"x":0.3173423409461975,"y":1.578896403312683,"z":0.5559868812561035},"rotation":{"x":-0.00022793329844716936,"y":-0.9997363686561585,"z":0.012308090925216675,"w":-0.020439621061086656},"size":7.685667037963867,"orthographic":false}