{"cameraMode":{"drawMode":0,"name":"Shaded","section":"Shading Mode"},"sceneLighting":false,"audioPlay":false,"sceneViewState":{"showFog":true,"showMaterialUpdate":false,"showSkybox":true,"showFlares":true,"showImageEffects":true,"showParticleSystems":true},"in2DMode":false,"pivot":{"x":0.0014443397521972657,"y":3.9382805824279787,"z":-10.0},"rotation":{"x":0.003017402021214366,"y":-0.9889642000198364,"z":0.14674721658229829,"w":0.020149752497673036},"size":13.513782501220704,"orthographic":false}