{"cameraMode":{"drawMode":0,"name":"Shaded","section":"Shading Mode"},"sceneLighting":false,"audioPlay":false,"sceneViewState":{"showFog":false,"showMaterialUpdate":false,"showSkybox":false,"showFlares":false,"showImageEffects":false,"showParticleSystems":false},"in2DMode":false,"pivot":{"x":14.3699951171875,"y":-1.065737247467041,"z":-9.64488410949707},"rotation":{"x":-0.031741321086883548,"y":0.681335985660553,"z":-0.04203680530190468,"w":-0.7307816743850708},"size":8.639326095581055,"orthographic":false}