{"cameraMode":{"drawMode":0,"name":"Shaded","section":"Shading Mode"},"sceneLighting":false,"audioPlay":false,"sceneViewState":{"showFog":true,"showMaterialUpdate":false,"showSkybox":true,"showFlares":true,"showImageEffects":true,"showParticleSystems":true},"in2DMode":false,"pivot":{"x":-1.1920928955078126e-7,"y":-2.9802322387695315e-8,"z":0.0},"rotation":{"x":0.02079208940267563,"y":-0.9382117986679077,"z":0.3406759798526764,"w":0.05717568099498749},"size":3.110013484954834,"orthographic":false}