{"cameraMode":{"drawMode":0,"name":"Shaded","section":"Shading Mode"},"sceneLighting":false,"audioPlay":false,"sceneViewState":{"showFog":true,"showMaterialUpdate":false,"showSkybox":true,"showFlares":true,"showImageEffects":true,"showParticleSystems":true},"in2DMode":false,"pivot":{"x":-0.33931756019592287,"y":0.661172091960907,"z":-0.6903162002563477},"rotation":{"x":-0.000532784964889288,"y":0.991254448890686,"z":-0.13192465901374818,"w":-0.0035520647652447225},"size":11.108515739440918,"orthographic":false}