{"cameraMode":{"drawMode":0,"name":"Shaded","section":"Shading Mode"},"sceneLighting":false,"audioPlay":false,"sceneViewState":{"showFog":true,"showMaterialUpdate":true,"showSkybox":true,"showFlares":true,"showImageEffects":true,"showParticleSystems":true},"in2DMode":false,"pivot":{"x":-0.5162584781646729,"y":1.5792300701141358,"z":1.2220220565795899},"rotation":{"x":-0.007705224212259054,"y":0.9910266399383545,"z":-0.11680027097463608,"w":-0.06639621406793595},"size":4.892857074737549,"orthographic":false}