{"cameraMode":{"drawMode":0,"name":"Shaded","section":"Shading Mode"},"sceneLighting":false,"audioPlay":false,"sceneViewState":{"showFog":false,"showMaterialUpdate":false,"showSkybox":false,"showFlares":false,"showImageEffects":false,"showParticleSystems":false},"in2DMode":false,"pivot":{"x":0.1307157576084137,"y":0.7735288143157959,"z":0.0636068657040596},"rotation":{"x":-0.2886149287223816,"y":0.0286012664437294,"z":-0.007894530892372132,"w":-0.9572786092758179},"size":15.645968437194825,"orthographic":false}