{"cameraMode":{"drawMode":0,"name":"Shaded","section":"Shading Mode"},"sceneLighting":false,"audioPlay":false,"sceneViewState":{"showFog":false,"showMaterialUpdate":false,"showSkybox":false,"showFlares":false,"showImageEffects":false,"showParticleSystems":false},"in2DMode":false,"pivot":{"x":7995.91015625,"y":10012.7578125,"z":8934.955078125},"rotation":{"x":0.04164703190326691,"y":0.18434204161167146,"z":-0.002485264092683792,"w":0.9823914766311646},"size":92.05149841308594,"orthographic":false}