{"cameraMode":{"drawMode":0,"name":"Shaded","section":"Shading Mode"},"sceneLighting":false,"audioPlay":false,"sceneViewState":{"showFog":true,"showMaterialUpdate":false,"showSkybox":true,"showFlares":true,"showImageEffects":true,"showParticleSystems":true},"in2DMode":false,"pivot":{"x":11.020000457763672,"y":-0.003696143627166748,"z":2.4000000953674318},"rotation":{"x":-0.07361647486686707,"y":0.8408483862876892,"z":-0.11832547187805176,"w":-0.5230365991592407},"size":13.335803031921387,"orthographic":false}