{"cameraMode":{"drawMode":0,"name":"Shaded","section":"Shading Mode"},"sceneLighting":false,"audioPlay":false,"sceneViewState":{"showFog":false,"showMaterialUpdate":false,"showSkybox":false,"showFlares":false,"showImageEffects":false,"showParticleSystems":false},"in2DMode":false,"pivot":{"x":14.70763874053955,"y":-2.489985227584839,"z":-6.740170955657959},"rotation":{"x":-0.17980046570301057,"y":0.7223708033561707,"z":-0.22134506702423097,"w":-0.6307843327522278},"size":2.605577230453491,"orthographic":false}