{"cameraMode":{"drawMode":0,"name":"Shaded","section":"Shading Mode"},"sceneLighting":false,"audioPlay":false,"sceneViewState":{"showFog":false,"showMaterialUpdate":false,"showSkybox":false,"showFlares":false,"showImageEffects":false,"showParticleSystems":false},"in2DMode":false,"pivot":{"x":59.375,"y":30.55499839782715,"z":0.12499713897705078},"rotation":{"x":0.00006383063009707257,"y":0.9823391437530518,"z":-0.1872914582490921,"w":-0.00003189472045050934},"size":68.16517639160156,"orthographic":false}