{"cameraMode":{"drawMode":0,"name":"Shaded","section":"Shading Mode"},"sceneLighting":false,"audioPlay":false,"sceneViewState":{"showFog":true,"showMaterialUpdate":false,"showSkybox":false,"showFlares":true,"showImageEffects":true,"showParticleSystems":true},"in2DMode":false,"pivot":{"x":0.15393555164337159,"y":-0.1641359031200409,"z":-0.47392863035202029},"rotation":{"x":0.1479625254869461,"y":-0.5086901187896729,"z":0.09059742093086243,"w":0.843716561794281},"size":3.7430312633514406,"orthographic":false}