{"cameraMode":{"drawMode":0,"name":"Shaded","section":"Shading Mode"},"sceneLighting":false,"audioPlay":false,"sceneViewState":{"showFog":true,"showMaterialUpdate":false,"showSkybox":true,"showFlares":true,"showImageEffects":true,"showParticleSystems":true},"in2DMode":false,"pivot":{"x":22.08588409423828,"y":-0.6422593593597412,"z":0.8325436115264893},"rotation":{"x":0.08251795172691345,"y":-0.7432237863540649,"z":0.09321032464504242,"w":0.6573708653450012},"size":11.948101043701172,"orthographic":false}