{"cameraMode":{"drawMode":0,"name":"Shaded","section":"Shading Mode"},"sceneLighting":false,"audioPlay":false,"sceneViewState":{"showFog":false,"showMaterialUpdate":false,"showSkybox":false,"showFlares":false,"showImageEffects":false,"showParticleSystems":false},"in2DMode":false,"pivot":{"x":13.272872924804688,"y":-2.1000003814697267,"z":-8.600000381469727},"rotation":{"x":0.011451957747340203,"y":-0.9901864528656006,"z":0.11894425004720688,"w":0.0785147026181221},"size":8.511470794677735,"orthographic":false}