{"cameraMode":{"drawMode":0,"name":"Shaded","section":"Shading Mode"},"sceneLighting":false,"audioPlay":false,"sceneViewState":{"showFog":false,"showMaterialUpdate":false,"showSkybox":false,"showFlares":false,"showImageEffects":false,"showParticleSystems":false},"in2DMode":false,"pivot":{"x":1487.47998046875,"y":10007.015625,"z":8570.7998046875},"rotation":{"x":-0.04198389872908592,"y":0.6049038767814636,"z":-0.03298543021082878,"w":-0.7948185801506043},"size":32.426387786865237,"orthographic":false}