{"cameraMode":{"drawMode":0,"name":"Shaded","section":"Shading Mode"},"sceneLighting":false,"audioPlay":false,"sceneViewState":{"showFog":true,"showMaterialUpdate":false,"showSkybox":true,"showFlares":true,"showImageEffects":true,"showParticleSystems":true},"in2DMode":false,"pivot":{"x":214.447998046875,"y":3.6413025856018068,"z":-1.9152851104736329},"rotation":{"x":-0.3049052059650421,"y":0.07422899454832077,"z":-0.023753421381115915,"w":-0.9491888284683228},"size":117.37901306152344,"orthographic":false}