{"cameraMode":{"drawMode":0,"name":"Shaded","section":"Shading Mode"},"sceneLighting":false,"audioPlay":false,"sceneViewState":{"showFog":true,"showMaterialUpdate":false,"showSkybox":true,"showFlares":true,"showImageEffects":true,"showParticleSystems":true},"in2DMode":false,"pivot":{"x":1.862645149230957e-9,"y":0.027133595198392869,"z":-0.0034322794526815416},"rotation":{"x":0.002140769734978676,"y":-0.5847666263580322,"z":-0.001628176774829626,"w":-0.8112053871154785},"size":4.031482219696045,"orthographic":false}