{"cameraMode":{"drawMode":0,"name":"Shaded","section":"Shading Mode"},"sceneLighting":false,"audioPlay":false,"sceneViewState":{"showFog":false,"showMaterialUpdate":false,"showSkybox":false,"showFlares":false,"showImageEffects":false,"showParticleSystems":false},"in2DMode":false,"pivot":{"x":352.38238525390627,"y":6.545373916625977,"z":-79.75889587402344},"rotation":{"x":-0.1743171215057373,"y":-0.7202517986297607,"z":0.19534960389137269,"w":-0.6424549221992493},"size":31.719778060913087,"orthographic":false}