{"cameraMode":{"drawMode":0,"name":"Shaded","section":"Shading Mode"},"sceneLighting":false,"audioPlay":false,"sceneViewState":{"showFog":false,"showMaterialUpdate":false,"showSkybox":false,"showFlares":false,"showImageEffects":false,"showParticleSystems":false},"in2DMode":false,"pivot":{"x":10.400001525878907,"y":-8.335000991821289,"z":19.79400062561035},"rotation":{"x":0.0042083230800926689,"y":0.9931021928787231,"z":-0.0836016908288002,"w":0.08762810379266739},"size":8.829444885253907,"orthographic":false}