{"cameraMode":{"drawMode":0,"name":"Shaded","section":"Shading Mode"},"sceneLighting":false,"audioPlay":false,"sceneViewState":{"showFog":true,"showMaterialUpdate":false,"showSkybox":false,"showFlares":true,"showImageEffects":true,"showParticleSystems":true},"in2DMode":false,"pivot":{"x":346.734130859375,"y":8.729318618774414,"z":-77.12420654296875},"rotation":{"x":-0.4396798014640808,"y":-0.5555166602134705,"z":0.44768428802490237,"w":-0.5456090569496155},"size":23.931917190551759,"orthographic":false}