{"cameraMode":{"drawMode":0,"name":"Shaded","section":"Shading Mode"},"sceneLighting":false,"audioPlay":false,"sceneViewState":{"showFog":false,"showMaterialUpdate":false,"showSkybox":false,"showFlares":false,"showImageEffects":false,"showParticleSystems":false},"in2DMode":false,"pivot":{"x":1487.47998046875,"y":10007.015625,"z":8570.7998046875},"rotation":{"x":-0.0745343267917633,"y":-0.33486229181289675,"z":0.02569657377898693,"w":-0.9392268657684326},"size":54.247894287109378,"orthographic":false}