{"cameraMode":{"drawMode":0,"name":"Shaded","section":"Shading Mode"},"sceneLighting":false,"audioPlay":false,"sceneViewState":{"showFog":true,"showMaterialUpdate":false,"showSkybox":true,"showFlares":true,"showImageEffects":true,"showParticleSystems":true},"in2DMode":false,"pivot":{"x":76.5659408569336,"y":0.1326761245727539,"z":2.4812264442443849},"rotation":{"x":-0.28673213720321658,"y":-0.6050676107406616,"z":0.24797779321670533,"w":-0.7001453042030335},"size":16.66584014892578,"orthographic":false}