{"cameraMode":{"drawMode":0,"name":"Shaded","section":"Shading Mode"},"sceneLighting":false,"audioPlay":false,"sceneViewState":{"showFog":false,"showMaterialUpdate":false,"showSkybox":false,"showFlares":false,"showImageEffects":false,"showParticleSystems":false},"in2DMode":false,"pivot":{"x":90.92964935302735,"y":3.828733444213867,"z":-2.0058212280273439},"rotation":{"x":-0.3713081181049347,"y":0.005514875054359436,"z":-0.0022424403578042986,"w":-0.9285657405853272},"size":210.54493713378907,"orthographic":false}