{"cameraMode":{"drawMode":0,"name":"Shaded","section":"Shading Mode"},"sceneLighting":false,"audioPlay":false,"sceneViewState":{"showFog":false,"showMaterialUpdate":false,"showSkybox":false,"showFlares":false,"showImageEffects":false,"showParticleSystems":false},"in2DMode":false,"pivot":{"x":-9.599998474121094,"y":-8.335000038146973,"z":19.89699935913086},"rotation":{"x":0.03241646662354469,"y":-0.9624081254005432,"z":0.11195044964551926,"w":0.24720077216625215},"size":8.146764755249024,"orthographic":false}