{"cameraMode":{"drawMode":0,"name":"Shaded","section":"Shading Mode"},"sceneLighting":false,"audioPlay":false,"sceneViewState":{"showFog":false,"showMaterialUpdate":false,"showSkybox":false,"showFlares":false,"showImageEffects":false,"showParticleSystems":false},"in2DMode":false,"pivot":{"x":138.2059326171875,"y":-47.19203186035156,"z":-3.962554931640625},"rotation":{"x":-0.11579640954732895,"y":-0.7653287053108215,"z":0.14463919401168824,"w":-0.6168303489685059},"size":228.78585815429688,"orthographic":false}