{"cameraMode":{"drawMode":0,"name":"Shaded","section":"Shading Mode"},"sceneLighting":false,"audioPlay":false,"sceneViewState":{"showFog":true,"showMaterialUpdate":false,"showSkybox":false,"showFlares":true,"showImageEffects":true,"showParticleSystems":true},"in2DMode":false,"pivot":{"x":200.0,"y":11.569999694824219,"z":-20.000001907348634},"rotation":{"x":0.009661701507866383,"y":-0.9889843463897705,"z":0.12710607051849366,"w":0.07648351788520813},"size":17.5124454498291,"orthographic":false}