{"cameraMode":{"drawMode":0,"name":"Shaded","section":"Shading Mode"},"sceneLighting":false,"audioPlay":false,"sceneViewState":{"showFog":true,"showMaterialUpdate":false,"showSkybox":false,"showFlares":true,"showImageEffects":true,"showParticleSystems":true},"in2DMode":false,"pivot":{"x":352.482421875,"y":12.372451782226563,"z":-82.32301330566406},"rotation":{"x":-0.01604240946471691,"y":-0.7470988035202026,"z":0.01826346293091774,"w":-0.6643846035003662},"size":136.4745330810547,"orthographic":false}