{"cameraMode":{"drawMode":0,"name":"Shaded","section":"Shading Mode"},"sceneLighting":false,"audioPlay":false,"sceneViewState":{"showFog":false,"showMaterialUpdate":false,"showSkybox":false,"showFlares":false,"showImageEffects":false,"showParticleSystems":false},"in2DMode":false,"pivot":{"x":215.85940551757813,"y":-27.49081802368164,"z":-9.37813949584961},"rotation":{"x":-0.08881815522909165,"y":-0.6647917628288269,"z":0.08076741546392441,"w":-0.7376810312271118},"size":380.50244140625,"orthographic":false}