{"cameraMode":{"drawMode":0,"name":"Shaded","section":"Shading Mode"},"sceneLighting":false,"audioPlay":false,"sceneViewState":{"showFog":false,"showMaterialUpdate":false,"showSkybox":false,"showFlares":false,"showImageEffects":false,"showParticleSystems":false},"in2DMode":false,"pivot":{"x":0.00009191036224365234,"y":1.0770100355148316,"z":0.49441802501678469},"rotation":{"x":0.0017989551415666938,"y":0.9876869320869446,"z":-0.1390775740146637,"w":-0.079106904566288},"size":1.2875052690505982,"orthographic":false}