{"cameraMode":{"drawMode":0,"name":"Shaded","section":"Shading Mode"},"sceneLighting":false,"audioPlay":false,"sceneViewState":{"showFog":true,"showMaterialUpdate":false,"showSkybox":false,"showFlares":true,"showImageEffects":true,"showParticleSystems":true},"in2DMode":false,"pivot":{"x":-0.0290667861700058,"y":-0.00038332119584083557,"z":0.0017418554052710534},"rotation":{"x":0.017179153859615327,"y":0.979591965675354,"z":-0.17554491758346559,"w":0.0964837446808815},"size":0.12971769273281098,"orthographic":false}