{"cameraMode":{"drawMode":0,"name":"Shaded","section":"Shading Mode"},"sceneLighting":false,"audioPlay":false,"sceneViewState":{"showFog":false,"showMaterialUpdate":false,"showSkybox":false,"showFlares":false,"showImageEffects":false,"showParticleSystems":false},"in2DMode":false,"pivot":{"x":2.9255900382995607,"y":0.24602434039115907,"z":-1.70322847366333},"rotation":{"x":0.06682391464710236,"y":0.7233679294586182,"z":-0.055573977530002597,"w":0.6856648325920105},"size":12.692691802978516,"orthographic":false}