{"cameraMode":{"drawMode":0,"name":"Shaded","section":"Shading Mode"},"sceneLighting":false,"audioPlay":false,"sceneViewState":{"showFog":true,"showMaterialUpdate":false,"showSkybox":true,"showFlares":true,"showImageEffects":true,"showParticleSystems":true},"in2DMode":false,"pivot":{"x":16.670000076293947,"y":0.19999969005584718,"z":0.0},"rotation":{"x":0.019807761535048486,"y":-0.018609412014484407,"z":0.0003082432667724788,"w":0.9996325969696045},"size":12.369817733764649,"orthographic":false}