{"cameraMode":{"drawMode":0,"name":"Shaded","section":"Shading Mode"},"sceneLighting":false,"audioPlay":false,"sceneViewState":{"showFog":false,"showMaterialUpdate":false,"showSkybox":false,"showFlares":false,"showImageEffects":false,"showParticleSystems":false},"in2DMode":false,"pivot":{"x":0.7409653663635254,"y":0.12873363494873048,"z":-0.007860183715820313},"rotation":{"x":-0.4342363476753235,"y":-0.5705553293228149,"z":0.4929440915584564,"w":-0.493670791387558},"size":87.29092407226563,"orthographic":false}