{"cameraMode":{"drawMode":0,"name":"Shaded","section":"Shading Mode"},"sceneLighting":false,"audioPlay":false,"sceneViewState":{"showFog":true,"showMaterialUpdate":false,"showSkybox":false,"showFlares":true,"showImageEffects":true,"showParticleSystems":true},"in2DMode":false,"pivot":{"x":-0.38523393869400027,"y":-4.566608428955078,"z":2.7163305282592775},"rotation":{"x":0.3101262152194977,"y":0.004835472907871008,"z":-0.0016596528002992273,"w":0.9507419466972351},"size":12.17076587677002,"orthographic":false}