{"cameraMode":{"drawMode":0,"name":"Shaded","section":"Shading Mode"},"sceneLighting":false,"audioPlay":false,"sceneViewState":{"showFog":true,"showMaterialUpdate":false,"showSkybox":false,"showFlares":true,"showImageEffects":true,"showParticleSystems":true},"in2DMode":false,"pivot":{"x":0.7108206748962402,"y":-1.4221709966659547,"z":-0.8791372776031494},"rotation":{"x":0.12880808115005494,"y":-0.3635159730911255,"z":0.05335375294089317,"w":0.9214593172073364},"size":5.32444953918457,"orthographic":false}