{"cameraMode":{"drawMode":0,"name":"Shaded","section":"Shading Mode"},"sceneLighting":false,"audioPlay":false,"sceneViewState":{"showFog":false,"showMaterialUpdate":false,"showSkybox":false,"showFlares":false,"showImageEffects":false,"showParticleSystems":false},"in2DMode":false,"pivot":{"x":4754.9482421875,"y":10002.6943359375,"z":5127.8037109375},"rotation":{"x":-0.017842445522546769,"y":0.9385777115821838,"z":-0.3432484567165375,"w":-0.04189634323120117},"size":135.9794464111328,"orthographic":false}