{"cameraMode":{"drawMode":0,"name":"Shaded","section":"Shading Mode"},"sceneLighting":false,"audioPlay":false,"sceneViewState":{"showFog":false,"showMaterialUpdate":false,"showSkybox":false,"showFlares":false,"showImageEffects":false,"showParticleSystems":false},"in2DMode":false,"pivot":{"x":356.4003601074219,"y":18.135286331176759,"z":-79.02493286132813},"rotation":{"x":0.5032110810279846,"y":0.49663424491882326,"z":-0.5102119445800781,"w":0.4897897243499756},"size":19.9310359954834,"orthographic":false}