{"cameraMode":{"drawMode":0,"name":"Shaded","section":"Shading Mode"},"sceneLighting":false,"audioPlay":false,"sceneViewState":{"showFog":false,"showMaterialUpdate":false,"showSkybox":false,"showFlares":false,"showImageEffects":false,"showParticleSystems":false},"in2DMode":false,"pivot":{"x":135.27096557617188,"y":9.544092178344727,"z":-12.354093551635743},"rotation":{"x":0.0042470418848097328,"y":0.9930776357650757,"z":-0.11158647388219834,"w":0.037229519337415698},"size":10.946510314941407,"orthographic":false}