{"cameraMode":{"drawMode":0,"name":"Shaded","section":"Shading Mode"},"sceneLighting":false,"audioPlay":false,"sceneViewState":{"showFog":false,"showMaterialUpdate":false,"showSkybox":false,"showFlares":false,"showImageEffects":false,"showParticleSystems":false},"in2DMode":false,"pivot":{"x":151.880615234375,"y":-34.38370132446289,"z":11.447561264038086},"rotation":{"x":-0.1478610634803772,"y":0.07385744899511337,"z":-0.011026113294064999,"w":-0.9862564206123352},"size":212.95333862304688,"orthographic":false}