{"cameraMode":{"drawMode":0,"name":"Shaded","section":"Shading Mode"},"sceneLighting":false,"audioPlay":false,"sceneViewState":{"showFog":false,"showMaterialUpdate":false,"showSkybox":false,"showFlares":false,"showImageEffects":false,"showParticleSystems":false},"in2DMode":false,"pivot":{"x":232.41925048828126,"y":-10.660232543945313,"z":11997.4306640625},"rotation":{"x":0.19700080156326295,"y":-0.019460249692201616,"z":0.003623477416113019,"w":0.9803188443183899},"size":114.05239868164063,"orthographic":false}