{"cameraMode":{"drawMode":0,"name":"Shaded","section":"Shading Mode"},"sceneLighting":false,"audioPlay":false,"sceneViewState":{"showFog":false,"showMaterialUpdate":false,"showSkybox":false,"showFlares":false,"showImageEffects":false,"showParticleSystems":false},"in2DMode":false,"pivot":{"x":67.70035552978516,"y":10.764843940734864,"z":-18.52943229675293},"rotation":{"x":-0.0006083541084080935,"y":-0.9998980164527893,"z":0.015892086550593377,"w":-0.015176873654127121},"size":26.451053619384767,"orthographic":false}