{"cameraMode":{"drawMode":0,"name":"Shaded","section":"Shading Mode"},"sceneLighting":false,"audioPlay":false,"sceneViewState":{"showFog":false,"showMaterialUpdate":false,"showSkybox":false,"showFlares":false,"showImageEffects":false,"showParticleSystems":false},"in2DMode":false,"pivot":{"x":-135.50234985351563,"y":1.1837854385375977,"z":-2.0},"rotation":{"x":-0.006257029715925455,"y":-0.7132371068000794,"z":-0.0006996769225224853,"w":-0.7014657855033875},"size":186.07247924804688,"orthographic":false}