{"cameraMode":{"drawMode":0,"name":"Shaded","section":"Shading Mode"},"sceneLighting":false,"audioPlay":false,"sceneViewState":{"showFog":true,"showMaterialUpdate":false,"showSkybox":true,"showFlares":true,"showImageEffects":true,"showParticleSystems":true},"in2DMode":false,"pivot":{"x":0.3983944356441498,"y":-0.3683641850948334,"z":0.1654835343360901},"rotation":{"x":-0.0016683560097590089,"y":0.9959299564361572,"z":-0.018232330679893495,"w":-0.08833606541156769},"size":5.181972503662109,"orthographic":false}