{"cameraMode":{"drawMode":0,"name":"Shaded","section":"Shading Mode"},"sceneLighting":false,"audioPlay":false,"sceneViewState":{"showFog":true,"showMaterialUpdate":false,"showSkybox":true,"showFlares":true,"showImageEffects":true,"showParticleSystems":true},"in2DMode":false,"pivot":{"x":-0.38595718145370486,"y":-0.23676413297653199,"z":-0.08782720565795899},"rotation":{"x":-0.001834942027926445,"y":0.9979381561279297,"z":-0.05725071579217911,"w":-0.029903797432780267},"size":4.341975212097168,"orthographic":false}