{"cameraMode":{"drawMode":0,"name":"Shaded","section":"Shading Mode"},"sceneLighting":false,"audioPlay":false,"sceneViewState":{"showFog":true,"showMaterialUpdate":false,"showSkybox":true,"showFlares":true,"showImageEffects":true,"showParticleSystems":true},"in2DMode":false,"pivot":{"x":1.5021440982818604,"y":-0.24622154235839845,"z":5.390030860900879},"rotation":{"x":0.0008898056694306433,"y":-0.9853659868240356,"z":0.17047275602817536,"w":0.004979122430086136},"size":3.6511220932006838,"orthographic":false}