{"cameraMode":{"drawMode":0,"name":"Shaded","section":"Shading Mode"},"sceneLighting":false,"audioPlay":false,"sceneViewState":{"showFog":true,"showMaterialUpdate":false,"showSkybox":true,"showFlares":true,"showImageEffects":true,"showParticleSystems":true},"in2DMode":false,"pivot":{"x":13.230037689208985,"y":0.09826821088790894,"z":0.9577288627624512},"rotation":{"x":0.005660974886268377,"y":0.9942066669464111,"z":-0.08402054011821747,"w":0.06724535673856735},"size":2.864079475402832,"orthographic":false}