{"cameraMode":{"drawMode":0,"name":"Shaded","section":"Shading Mode"},"sceneLighting":false,"audioPlay":false,"sceneViewState":{"showFog":false,"showMaterialUpdate":false,"showSkybox":false,"showFlares":false,"showImageEffects":false,"showParticleSystems":false},"in2DMode":false,"pivot":{"x":-0.0000019073486328125,"y":13.5,"z":18.605819702148439},"rotation":{"x":-0.07461536675691605,"y":-0.195234477519989,"z":0.013671631924808026,"w":-0.978135883808136},"size":32.682701110839847,"orthographic":false}