{"cameraMode":{"drawMode":0,"name":"Shaded","section":"Shading Mode"},"sceneLighting":false,"audioPlay":false,"sceneViewState":{"showFog":false,"showMaterialUpdate":false,"showSkybox":false,"showFlares":false,"showImageEffects":false,"showParticleSystems":false},"in2DMode":false,"pivot":{"x":1090.7330322265625,"y":10012.2626953125,"z":6833.70166015625},"rotation":{"x":0.07496389001607895,"y":0.2960110902786255,"z":0.023385697975754739,"w":-0.952020525932312},"size":47.82415771484375,"orthographic":false}