{"cameraMode":{"drawMode":0,"name":"Shaded","section":"Shading Mode"},"sceneLighting":false,"audioPlay":false,"sceneViewState":{"showFog":false,"showMaterialUpdate":false,"showSkybox":false,"showFlares":false,"showImageEffects":false,"showParticleSystems":false},"in2DMode":false,"pivot":{"x":0.11969488859176636,"y":-0.010114312171936036,"z":-0.000036716461181640625},"rotation":{"x":-0.06423090398311615,"y":0.6340479850769043,"z":-0.057771533727645877,"w":-0.7689208984375},"size":3.4825704097747804,"orthographic":false}