{"cameraMode":{"drawMode":0,"name":"Shaded","section":"Shading Mode"},"sceneLighting":false,"audioPlay":false,"sceneViewState":{"showFog":false,"showMaterialUpdate":false,"showSkybox":false,"showFlares":false,"showImageEffects":false,"showParticleSystems":false},"in2DMode":false,"pivot":{"x":-0.0000019073486328125,"y":13.25,"z":18.630584716796876},"rotation":{"x":-0.07424748688936234,"y":-0.7348960041999817,"z":0.07942666113376618,"w":-0.6698881387710571},"size":35.218177795410159,"orthographic":false}