{"cameraMode":{"drawMode":0,"name":"Shaded","section":"Shading Mode"},"sceneLighting":false,"audioPlay":false,"sceneViewState":{"showFog":false,"showMaterialUpdate":false,"showSkybox":false,"showFlares":false,"showImageEffects":false,"showParticleSystems":false},"in2DMode":false,"pivot":{"x":13.919994354248047,"y":-2.299999952316284,"z":-9.64488410949707},"rotation":{"x":0.12910440564155579,"y":-0.8472150564193726,"z":0.23157896101474763,"w":0.46134594082832339},"size":5.655432224273682,"orthographic":false}