{"cameraMode":{"drawMode":0,"name":"Shaded","section":"Shading Mode"},"sceneLighting":false,"audioPlay":false,"sceneViewState":{"showFog":true,"showMaterialUpdate":false,"showSkybox":true,"showFlares":true,"showImageEffects":true,"showParticleSystems":true},"in2DMode":false,"pivot":{"x":14.325261116027832,"y":-0.0667726993560791,"z":-0.4327859878540039},"rotation":{"x":0.05139502137899399,"y":0.779876172542572,"z":-0.06481125950813294,"w":0.6204609870910645},"size":5.787353992462158,"orthographic":false}