{"cameraMode":{"drawMode":0,"name":"Shaded","section":"Shading Mode"},"sceneLighting":false,"audioPlay":false,"sceneViewState":{"showFog":false,"showMaterialUpdate":false,"showSkybox":false,"showFlares":false,"showImageEffects":false,"showParticleSystems":false},"in2DMode":false,"pivot":{"x":5262.5810546875,"y":10038.400390625,"z":8583.6953125},"rotation":{"x":-0.07461536675691605,"y":-0.195234477519989,"z":0.013671631924808026,"w":-0.978135883808136},"size":969.2105102539063,"orthographic":false}