{"cameraMode":{"drawMode":0,"name":"Shaded","section":"Shading Mode"},"sceneLighting":false,"audioPlay":false,"sceneViewState":{"showFog":false,"showMaterialUpdate":false,"showSkybox":false,"showFlares":false,"showImageEffects":false,"showParticleSystems":false},"in2DMode":false,"pivot":{"x":259.9762878417969,"y":6.591083526611328,"z":-6.406630516052246},"rotation":{"x":0.12903520464897157,"y":0.6857399940490723,"z":-0.12538214027881623,"w":0.7053113579750061},"size":26.401540756225587,"orthographic":false}