{"cameraMode":{"drawMode":0,"name":"Shaded","section":"Shading Mode"},"sceneLighting":false,"audioPlay":false,"sceneViewState":{"showFog":true,"showMaterialUpdate":false,"showSkybox":false,"showFlares":true,"showImageEffects":true,"showParticleSystems":true},"in2DMode":false,"pivot":{"x":-0.051645517349243167,"y":-0.5659239292144775,"z":0.08461928367614746},"rotation":{"x":0.0005723231588490307,"y":-0.990943193435669,"z":-0.13428370654582978,"w":-0.0039022837299853565},"size":7.43776798248291,"orthographic":false}