{"cameraMode":{"drawMode":0,"name":"Shaded","section":"Shading Mode"},"sceneLighting":false,"audioPlay":false,"sceneViewState":{"showFog":false,"showMaterialUpdate":false,"showSkybox":false,"showFlares":false,"showImageEffects":false,"showParticleSystems":false},"in2DMode":false,"pivot":{"x":0.055495500564575198,"y":-0.010114312171936036,"z":-0.000036716461181640625},"rotation":{"x":-0.06207345426082611,"y":0.687529981136322,"z":-0.06430404633283615,"w":-0.7211335897445679},"size":3.349132537841797,"orthographic":false}