{"cameraMode":{"drawMode":0,"name":"Shaded","section":"Shading Mode"},"sceneLighting":false,"audioPlay":false,"sceneViewState":{"showFog":true,"showMaterialUpdate":false,"showSkybox":true,"showFlares":true,"showImageEffects":true,"showParticleSystems":true},"in2DMode":false,"pivot":{"x":-160.05999755859376,"y":-0.8086986541748047,"z":-1.992243766784668},"rotation":{"x":-0.13785132765769959,"y":-0.01632753387093544,"z":0.0022965148091316225,"w":-0.9903164505958557},"size":24.612356185913087,"orthographic":false}