{"cameraMode":{"drawMode":0,"name":"Shaded","section":"Shading Mode"},"sceneLighting":false,"audioPlay":false,"sceneViewState":{"showFog":false,"showMaterialUpdate":false,"showSkybox":false,"showFlares":false,"showImageEffects":false,"showParticleSystems":false},"in2DMode":false,"pivot":{"x":-8.5600004196167,"y":-0.045500099658966067,"z":0.0},"rotation":{"x":0.018711736425757409,"y":-0.9747909903526306,"z":0.08882849663496018,"w":0.20413267612457276},"size":3.9850008487701418,"orthographic":false}