{"cameraMode":{"drawMode":0,"name":"Shaded","section":"Shading Mode"},"sceneLighting":false,"audioPlay":false,"sceneViewState":{"showFog":true,"showMaterialUpdate":false,"showSkybox":false,"showFlares":true,"showImageEffects":true,"showParticleSystems":true},"in2DMode":false,"pivot":{"x":-4.442460536956787,"y":13.367741584777832,"z":49.54978942871094},"rotation":{"x":-0.029409009963274003,"y":0.9653997421264648,"z":-0.22737804055213929,"w":-0.12493877112865448},"size":6.2400641441345219,"orthographic":false}