{"cameraMode":{"drawMode":0,"name":"Shaded","section":"Shading Mode"},"sceneLighting":false,"audioPlay":false,"sceneViewState":{"showFog":false,"showMaterialUpdate":false,"showSkybox":false,"showFlares":false,"showImageEffects":false,"showParticleSystems":false},"in2DMode":false,"pivot":{"x":5.2601118087768559,"y":-2.3924999237060549,"z":-2.7695000171661379},"rotation":{"x":0.09614979475736618,"y":-0.7130222916603088,"z":0.09962902963161469,"w":0.6874115467071533},"size":1.6048593521118165,"orthographic":false}