{"cameraMode":{"drawMode":0,"name":"Shaded","section":"Shading Mode"},"sceneLighting":false,"audioPlay":false,"sceneViewState":{"showFog":true,"showMaterialUpdate":false,"showSkybox":true,"showFlares":true,"showImageEffects":true,"showParticleSystems":true},"in2DMode":false,"pivot":{"x":-34.63866424560547,"y":-3.7168984413146974,"z":-7.972651481628418},"rotation":{"x":-0.1152900978922844,"y":-0.4635829031467438,"z":0.06100960820913315,"w":-0.8763990998268127},"size":5.404123306274414,"orthographic":false}