{"cameraMode":{"drawMode":0,"name":"Shaded","section":"Shading Mode"},"sceneLighting":false,"audioPlay":false,"sceneViewState":{"showFog":true,"showMaterialUpdate":false,"showSkybox":false,"showFlares":true,"showImageEffects":true,"showParticleSystems":true},"in2DMode":false,"pivot":{"x":-0.26003336906433108,"y":2.3189239501953127,"z":0.9275963306427002},"rotation":{"x":0.1940438598394394,"y":-0.12116821110248566,"z":0.0242026224732399,"w":0.9732019305229187},"size":4.941658973693848,"orthographic":false}