{"cameraMode":{"drawMode":0,"name":"Shaded","section":"Shading Mode"},"sceneLighting":false,"audioPlay":false,"sceneViewState":{"showFog":true,"showMaterialUpdate":false,"showSkybox":true,"showFlares":true,"showImageEffects":true,"showParticleSystems":true},"in2DMode":false,"pivot":{"x":-0.17891311645507813,"y":-0.40316957235336306,"z":0.06244242191314697},"rotation":{"x":0.007947380654513836,"y":0.9744304418563843,"z":-0.2218044549226761,"w":0.035138070583343509},"size":3.738416910171509,"orthographic":false}