{"cameraMode":{"drawMode":0,"name":"Shaded","section":"Shading Mode"},"sceneLighting":false,"audioPlay":false,"sceneViewState":{"showFog":false,"showMaterialUpdate":false,"showSkybox":false,"showFlares":false,"showImageEffects":false,"showParticleSystems":false},"in2DMode":false,"pivot":{"x":0.3366754353046417,"y":0.2024242877960205,"z":0.629980206489563},"rotation":{"x":0.620883047580719,"y":-0.009196971543133259,"z":0.020172860473394395,"w":0.7841989994049072},"size":3.5633368492126467,"orthographic":false}