{"cameraMode":{"drawMode":0,"name":"Shaded","section":"Shading Mode"},"sceneLighting":false,"audioPlay":false,"sceneViewState":{"showFog":true,"showMaterialUpdate":false,"showSkybox":false,"showFlares":true,"showImageEffects":true,"showParticleSystems":true},"in2DMode":false,"pivot":{"x":1.4868545532226563,"y":-1.7300611734390259,"z":12.15999984741211},"rotation":{"x":-0.16146862506866456,"y":-0.039630092680454257,"z":0.0065040732733905319,"w":-0.9860641956329346},"size":5.863144874572754,"orthographic":false}