{"cameraMode":{"drawMode":0,"name":"Shaded","section":"Shading Mode"},"sceneLighting":false,"audioPlay":false,"sceneViewState":{"showFog":false,"showMaterialUpdate":false,"showSkybox":false,"showFlares":false,"showImageEffects":false,"showParticleSystems":false},"in2DMode":false,"pivot":{"x":22.279191970825197,"y":0.12364482879638672,"z":-18.244510650634767},"rotation":{"x":-0.01851813681423664,"y":-0.9860351085662842,"z":0.1661367565393448,"w":-0.03552715480327606},"size":2.9664387702941896,"orthographic":false}