{"cameraMode":{"drawMode":0,"name":"Shaded","section":"Shading Mode"},"sceneLighting":false,"audioPlay":false,"sceneViewState":{"showFog":true,"showMaterialUpdate":false,"showSkybox":true,"showFlares":true,"showImageEffects":true,"showParticleSystems":true},"in2DMode":false,"pivot":{"x":13.493240356445313,"y":-0.9846067428588867,"z":5.267066955566406},"rotation":{"x":0.048336371779441836,"y":-0.6211751103401184,"z":0.03846137598156929,"w":0.7812625765800476},"size":9.87116527557373,"orthographic":false}