{"cameraMode":{"drawMode":0,"name":"Shaded","section":"Shading Mode"},"sceneLighting":false,"audioPlay":false,"sceneViewState":{"showFog":true,"showMaterialUpdate":false,"showSkybox":true,"showFlares":true,"showImageEffects":true,"showParticleSystems":true},"in2DMode":false,"pivot":{"x":10.142168998718262,"y":-0.9465650916099548,"z":1.4121060371398926},"rotation":{"x":-0.031285516917705539,"y":-0.6959601640701294,"z":0.03064793534576893,"w":-0.7167800664901733},"size":8.269461631774903,"orthographic":false}