{"cameraMode":{"drawMode":0,"name":"Shaded","section":"Shading Mode"},"sceneLighting":false,"audioPlay":false,"sceneViewState":{"showFog":false,"showMaterialUpdate":false,"showSkybox":false,"showFlares":false,"showImageEffects":false,"showParticleSystems":false},"in2DMode":false,"pivot":{"x":14.0438232421875,"y":-2.250000238418579,"z":-11.94648551940918},"rotation":{"x":-0.36899182200431826,"y":-0.10626821964979172,"z":0.045232973992824557,"w":-0.9227232336997986},"size":2.6157004833221437,"orthographic":false}