{"cameraMode":{"drawMode":0,"name":"Shaded","section":"Shading Mode"},"sceneLighting":false,"audioPlay":false,"sceneViewState":{"showFog":true,"showMaterialUpdate":false,"showSkybox":true,"showFlares":true,"showImageEffects":true,"showParticleSystems":true},"in2DMode":false,"pivot":{"x":22.376253128051759,"y":-0.652803897857666,"z":0.09459781646728516},"rotation":{"x":0.1403062492609024,"y":-0.4759448766708374,"z":0.07715342193841934,"w":0.8647845387458801},"size":7.5564727783203129,"orthographic":false}