{"cameraMode":{"drawMode":0,"name":"Shaded","section":"Shading Mode"},"sceneLighting":false,"audioPlay":false,"sceneViewState":{"showFog":true,"showMaterialUpdate":false,"showSkybox":false,"showFlares":true,"showImageEffects":true,"showParticleSystems":true},"in2DMode":false,"pivot":{"x":128.51087951660157,"y":23.16924476623535,"z":-0.4445171356201172},"rotation":{"x":-0.0018997595179826022,"y":0.9949052333831787,"z":-0.09913003444671631,"w":-0.01910518668591976},"size":55.52223587036133,"orthographic":false}