{"cameraMode":{"drawMode":0,"name":"Shaded","section":"Shading Mode"},"sceneLighting":false,"audioPlay":false,"sceneViewState":{"showFog":false,"showMaterialUpdate":false,"showSkybox":false,"showFlares":false,"showImageEffects":false,"showParticleSystems":false},"in2DMode":false,"pivot":{"x":13.324810981750489,"y":1.087414264678955,"z":4.025684833526611},"rotation":{"x":0.16508635878562928,"y":-0.6430585980415344,"z":0.1448100209236145,"w":0.7336889505386353},"size":2.8853683471679689,"orthographic":false}