{"cameraMode":{"drawMode":0,"name":"Shaded","section":"Shading Mode"},"sceneLighting":false,"audioPlay":false,"sceneViewState":{"showFog":false,"showMaterialUpdate":false,"showSkybox":false,"showFlares":false,"showImageEffects":false,"showParticleSystems":false},"in2DMode":false,"pivot":{"x":-0.09928655624389649,"y":-0.46684730052948,"z":-0.51104736328125},"rotation":{"x":0.013023048639297486,"y":-0.9348762631416321,"z":0.07129364460706711,"w":0.3489643633365631},"size":2.3708362579345705,"orthographic":false}