{"cameraMode":{"drawMode":0,"name":"Shaded","section":"Shading Mode"},"sceneLighting":false,"audioPlay":false,"sceneViewState":{"showFog":true,"showMaterialUpdate":false,"showSkybox":true,"showFlares":true,"showImageEffects":true,"showParticleSystems":true},"in2DMode":false,"pivot":{"x":-7.289326190948486,"y":20.558238983154298,"z":59.919334411621097},"rotation":{"x":-0.18009601533412934,"y":0.040756601840257648,"z":-0.0070730652660131458,"w":-0.9827788472175598},"size":46.56123733520508,"orthographic":false}