{"cameraMode":{"drawMode":0,"name":"Shaded","section":"Shading Mode"},"sceneLighting":false,"audioPlay":false,"sceneViewState":{"showFog":true,"showMaterialUpdate":false,"showSkybox":true,"showFlares":true,"showImageEffects":true,"showParticleSystems":true},"in2DMode":false,"pivot":{"x":6.564903259277344,"y":-3.0151710510253908,"z":-0.9330142140388489},"rotation":{"x":0.38020050525665285,"y":-0.6184903979301453,"z":0.45981529355049136,"w":0.5113582015037537},"size":22.0,"orthographic":false}