{"cameraMode":{"drawMode":0,"name":"Shaded","section":"Shading Mode"},"sceneLighting":false,"audioPlay":false,"sceneViewState":{"showFog":true,"showMaterialUpdate":false,"showSkybox":true,"showFlares":true,"showImageEffects":true,"showParticleSystems":true},"in2DMode":false,"pivot":{"x":10.16758918762207,"y":-0.9385269284248352,"z":1.2469944953918458},"rotation":{"x":-0.3128558397293091,"y":0.026013849303126336,"z":-0.008373826742172242,"w":-0.9494327902793884},"size":3.497124671936035,"orthographic":false}