{"cameraMode":{"drawMode":0,"name":"Shaded","section":"Shading Mode"},"sceneLighting":false,"audioPlay":false,"sceneViewState":{"showFog":false,"showMaterialUpdate":false,"showSkybox":false,"showFlares":false,"showImageEffects":false,"showParticleSystems":false},"in2DMode":false,"pivot":{"x":-0.024222327396273614,"y":-0.0000027688220143318178,"z":0.0014515465591102839},"rotation":{"x":-0.012685848399996758,"y":-0.9876500964164734,"z":0.1607888787984848,"w":0.0015646419487893582},"size":0.1080980971455574,"orthographic":false}