{"cameraMode":{"drawMode":0,"name":"Shaded","section":"Shading Mode"},"sceneLighting":false,"audioPlay":false,"sceneViewState":{"showFog":true,"showMaterialUpdate":false,"showSkybox":true,"showFlares":true,"showImageEffects":true,"showParticleSystems":true},"in2DMode":false,"pivot":{"x":-0.07448875904083252,"y":1.3332276344299317,"z":0.44530630111694338},"rotation":{"x":-0.0004052030562888831,"y":-0.9989190697669983,"z":0.009301425889134407,"w":-0.04592452570796013},"size":6.941281318664551,"orthographic":false}