{"cameraMode":{"drawMode":0,"name":"Shaded","section":"Shading Mode"},"sceneLighting":false,"audioPlay":false,"sceneViewState":{"showFog":true,"showMaterialUpdate":false,"showSkybox":true,"showFlares":true,"showImageEffects":true,"showParticleSystems":true},"in2DMode":false,"pivot":{"x":74.64997863769531,"y":3.6489124298095705,"z":10.592958450317383},"rotation":{"x":-0.2048216015100479,"y":-0.21974995732307435,"z":0.047375790774822238,"w":-0.9526441693305969},"size":62.87229919433594,"orthographic":false}