{"cameraMode":{"drawMode":0,"name":"Shaded","section":"Shading Mode"},"sceneLighting":false,"audioPlay":false,"sceneViewState":{"showFog":true,"showMaterialUpdate":false,"showSkybox":true,"showFlares":true,"showImageEffects":true,"showParticleSystems":true},"in2DMode":false,"pivot":{"x":9.430000305175782,"y":-2.120685577392578,"z":-11.292694091796875},"rotation":{"x":-0.07720836997032166,"y":-0.8376961946487427,"z":0.12307969480752945,"w":-0.5264554619789124},"size":22.0,"orthographic":false}