{"cameraMode":{"drawMode":0,"name":"Shaded","section":"Shading Mode"},"sceneLighting":false,"audioPlay":false,"sceneViewState":{"showFog":false,"showMaterialUpdate":false,"showSkybox":false,"showFlares":false,"showImageEffects":false,"showParticleSystems":false},"in2DMode":false,"pivot":{"x":8.600069046020508,"y":1.4985103607177735,"z":7.8210883140563969},"rotation":{"x":0.04868655651807785,"y":0.8241980075836182,"z":-0.5600728392601013,"w":0.07467036694288254},"size":2.3854188919067385,"orthographic":false}