{"cameraMode":{"drawMode":0,"name":"Shaded","section":"Shading Mode"},"sceneLighting":false,"audioPlay":false,"sceneViewState":{"showFog":true,"showMaterialUpdate":false,"showSkybox":true,"showFlares":true,"showImageEffects":true,"showParticleSystems":true},"in2DMode":false,"pivot":{"x":13.460000038146973,"y":0.4149998426437378,"z":0.0},"rotation":{"x":0.08397543430328369,"y":-0.8115203976631165,"z":0.12038547545671463,"w":0.5655883550643921},"size":15.901190757751465,"orthographic":false}