{"cameraMode":{"drawMode":0,"name":"Shaded","section":"Shading Mode"},"sceneLighting":false,"audioPlay":false,"sceneViewState":{"showFog":true,"showMaterialUpdate":false,"showSkybox":false,"showFlares":true,"showImageEffects":true,"showParticleSystems":true},"in2DMode":false,"pivot":{"x":172.7276611328125,"y":11.719010353088379,"z":-53.940982818603519},"rotation":{"x":0.00008591357618570328,"y":-1.0001400709152222,"z":0.003307770472019911,"w":0.011335816234350205},"size":6.693290710449219,"orthographic":false}