{"cameraMode":{"drawMode":0,"name":"Shaded","section":"Shading Mode"},"sceneLighting":false,"audioPlay":false,"sceneViewState":{"showFog":false,"showMaterialUpdate":false,"showSkybox":false,"showFlares":false,"showImageEffects":false,"showParticleSystems":false},"in2DMode":false,"pivot":{"x":19.986886978149415,"y":0.32895755767822268,"z":-24.87584686279297},"rotation":{"x":-0.027270128950476648,"y":-0.9829432964324951,"z":0.1649492233991623,"w":-0.08569975942373276},"size":5.685122489929199,"orthographic":false}