{"cameraMode":{"drawMode":0,"name":"Shaded","section":"Shading Mode"},"sceneLighting":false,"audioPlay":false,"sceneViewState":{"showFog":false,"showMaterialUpdate":false,"showSkybox":false,"showFlares":false,"showImageEffects":false,"showParticleSystems":false},"in2DMode":false,"pivot":{"x":129.14947509765626,"y":29.801591873168947,"z":0.5872669219970703},"rotation":{"x":0.0010170869063585997,"y":-0.9970583915710449,"z":0.07582090049982071,"w":0.014073088765144349},"size":66.9328842163086,"orthographic":false}