{"cameraMode":{"drawMode":0,"name":"Shaded","section":"Shading Mode"},"sceneLighting":false,"audioPlay":false,"sceneViewState":{"showFog":false,"showMaterialUpdate":false,"showSkybox":false,"showFlares":false,"showImageEffects":false,"showParticleSystems":false},"in2DMode":false,"pivot":{"x":1508.55029296875,"y":10008.5244140625,"z":8310.7626953125},"rotation":{"x":-0.13708710670471192,"y":0.6997851133346558,"z":-0.13666453957557679,"w":-0.6882390379905701},"size":115.49586486816406,"orthographic":false}