{"cameraMode":{"drawMode":0,"name":"Shaded","section":"Shading Mode"},"sceneLighting":false,"audioPlay":false,"sceneViewState":{"showFog":true,"showMaterialUpdate":false,"showSkybox":true,"showFlares":true,"showImageEffects":true,"showParticleSystems":true},"in2DMode":false,"pivot":{"x":76.08474731445313,"y":0.7456362247467041,"z":0.4635137915611267},"rotation":{"x":-0.11401735246181488,"y":0.6731817722320557,"z":-0.10599192976951599,"w":-0.7229201197624207},"size":10.703676223754883,"orthographic":false}