{"cameraMode":{"drawMode":0,"name":"Shaded","section":"Shading Mode"},"sceneLighting":false,"audioPlay":false,"sceneViewState":{"showFog":false,"showMaterialUpdate":false,"showSkybox":false,"showFlares":false,"showImageEffects":false,"showParticleSystems":false},"in2DMode":false,"pivot":{"x":5.960464477539063e-8,"y":-5.960464477539063e-8,"z":-0.10741198062896729},"rotation":{"x":-0.1285814493894577,"y":0.6439782977104187,"z":-0.12418524920940399,"w":-0.744554877281189},"size":2.9789509773254396,"orthographic":false}