{"cameraMode":{"drawMode":0,"name":"Shaded","section":"Shading Mode"},"sceneLighting":false,"audioPlay":false,"sceneViewState":{"showFog":false,"showMaterialUpdate":false,"showSkybox":false,"showFlares":false,"showImageEffects":false,"showParticleSystems":false},"in2DMode":false,"pivot":{"x":-0.3076763153076172,"y":-0.10160669684410095,"z":2.294992446899414},"rotation":{"x":-0.006257029715925455,"y":-0.7132371068000794,"z":-0.0006996769225224853,"w":-0.7014657855033875},"size":82.5221939086914,"orthographic":false}