{"cameraMode":{"drawMode":0,"name":"Shaded","section":"Shading Mode"},"sceneLighting":false,"audioPlay":false,"sceneViewState":{"showFog":false,"showMaterialUpdate":false,"showSkybox":false,"showFlares":false,"showImageEffects":false,"showParticleSystems":false},"in2DMode":false,"pivot":{"x":-33.391597747802737,"y":4.354863166809082,"z":-2.200000762939453},"rotation":{"x":0.061952557414770129,"y":0.7827731370925903,"z":-0.06296920031309128,"w":0.6167616844177246},"size":189.82908630371095,"orthographic":false}