{"cameraMode":{"drawMode":0,"name":"Shaded","section":"Shading Mode"},"sceneLighting":false,"audioPlay":false,"sceneViewState":{"showFog":false,"showMaterialUpdate":false,"showSkybox":false,"showFlares":false,"showImageEffects":false,"showParticleSystems":false},"in2DMode":false,"pivot":{"x":-35.70819091796875,"y":1.1837854385375977,"z":-2.0},"rotation":{"x":0.012392955832183361,"y":0.9089297652244568,"z":-0.41610661149024966,"w":0.027956785634160043},"size":313.9605712890625,"orthographic":false}