{"cameraMode":{"drawMode":0,"name":"Shaded","section":"Shading Mode"},"sceneLighting":false,"audioPlay":false,"sceneViewState":{"showFog":true,"showMaterialUpdate":false,"showSkybox":true,"showFlares":true,"showImageEffects":true,"showParticleSystems":true},"in2DMode":false,"pivot":{"x":16.68999671936035,"y":0.12536859512329102,"z":0.477535605430603},"rotation":{"x":0.019753945991396905,"y":-0.9761354327201843,"z":0.19158503413200379,"w":0.10045570880174637},"size":1.2375435829162598,"orthographic":false}