{"cameraMode":{"drawMode":0,"name":"Shaded","section":"Shading Mode"},"sceneLighting":false,"audioPlay":false,"sceneViewState":{"showFog":true,"showMaterialUpdate":false,"showSkybox":false,"showFlares":true,"showImageEffects":true,"showParticleSystems":true},"in2DMode":false,"pivot":{"x":0.46163129806518557,"y":-0.6970651149749756,"z":1.22201669216156},"rotation":{"x":-0.024163590744137765,"y":0.06787875294685364,"z":-0.0030667902901768686,"w":-0.9977105855941773},"size":5.206309795379639,"orthographic":false}