{"cameraMode":{"drawMode":0,"name":"Shaded","section":"Shading Mode"},"sceneLighting":false,"audioPlay":false,"sceneViewState":{"showFog":false,"showMaterialUpdate":false,"showSkybox":false,"showFlares":false,"showImageEffects":false,"showParticleSystems":false},"in2DMode":false,"pivot":{"x":196.69369506835938,"y":32.39198303222656,"z":9.522796630859375},"rotation":{"x":0.0035990828182548286,"y":0.9931107759475708,"z":-0.11310025304555893,"w":0.03126690536737442},"size":0.7199289202690125,"orthographic":false}