{"cameraMode":{"drawMode":0,"name":"Shaded","section":"Shading Mode"},"sceneLighting":false,"audioPlay":false,"sceneViewState":{"showFog":true,"showMaterialUpdate":false,"showSkybox":true,"showFlares":true,"showImageEffects":true,"showParticleSystems":true},"in2DMode":false,"pivot":{"x":13.230037689208985,"y":0.09826821088790894,"z":0.9577288627624512},"rotation":{"x":-0.06596940010786057,"y":0.6659896969795227,"z":-0.05928505212068558,"w":-0.7407099008560181},"size":13.039674758911133,"orthographic":false}