{"cameraMode":{"drawMode":0,"name":"Shaded","section":"Shading Mode"},"sceneLighting":false,"audioPlay":false,"sceneViewState":{"showFog":false,"showMaterialUpdate":false,"showSkybox":false,"showFlares":false,"showImageEffects":false,"showParticleSystems":false},"in2DMode":false,"pivot":{"x":608.7999877929688,"y":273.6000061035156,"z":-2.0},"rotation":{"x":0.13436545431613923,"y":-0.014267032034695149,"z":0.0003485529450699687,"w":0.9912360906600952},"size":250.91395568847657,"orthographic":false}