{"cameraMode":{"drawMode":0,"name":"Shaded","section":"Shading Mode"},"sceneLighting":false,"audioPlay":false,"sceneViewState":{"showFog":false,"showMaterialUpdate":false,"showSkybox":false,"showFlares":false,"showImageEffects":false,"showParticleSystems":false},"in2DMode":false,"pivot":{"x":8211.0009765625,"y":10012.2626953125,"z":12025.966796875},"rotation":{"x":0.14444521069526673,"y":0.7522821426391602,"z":-0.17430290579795838,"w":0.6190475821495056},"size":284.02325439453127,"orthographic":false}