{"cameraMode":{"drawMode":0,"name":"Shaded","section":"Shading Mode"},"sceneLighting":false,"audioPlay":false,"sceneViewState":{"showFog":false,"showMaterialUpdate":false,"showSkybox":false,"showFlares":false,"showImageEffects":false,"showParticleSystems":false},"in2DMode":false,"pivot":{"x":13.864524841308594,"y":-2.2106785774230959,"z":-8.551383972167969},"rotation":{"x":0.015351049602031708,"y":0.965765655040741,"z":-0.2601870000362396,"w":0.01973675563931465},"size":12.048811912536621,"orthographic":false}