{"cameraMode":{"drawMode":0,"name":"Shaded","section":"Shading Mode"},"sceneLighting":false,"audioPlay":false,"sceneViewState":{"showFog":true,"showMaterialUpdate":false,"showSkybox":false,"showFlares":true,"showImageEffects":true,"showParticleSystems":true},"in2DMode":false,"pivot":{"x":60.0,"y":27.755001068115236,"z":15.300002098083496},"rotation":{"x":0.03215054050087929,"y":-0.7436002492904663,"z":0.03603760525584221,"w":0.6670233607292175},"size":13.051713943481446,"orthographic":false}