{"cameraMode":{"drawMode":0,"name":"Shaded","section":"Shading Mode"},"sceneLighting":false,"audioPlay":false,"sceneViewState":{"showFog":false,"showMaterialUpdate":false,"showSkybox":false,"showFlares":false,"showImageEffects":false,"showParticleSystems":false},"in2DMode":false,"pivot":{"x":297.6050720214844,"y":12.395803451538086,"z":-1.8536819219589234},"rotation":{"x":0.08283431828022003,"y":0.7124050855636597,"z":-0.09025396406650543,"w":0.691679060459137},"size":39.989200592041019,"orthographic":false}