{"cameraMode":{"drawMode":0,"name":"Shaded","section":"Shading Mode"},"sceneLighting":false,"audioPlay":false,"sceneViewState":{"showFog":true,"showMaterialUpdate":false,"showSkybox":true,"showFlares":true,"showImageEffects":true,"showParticleSystems":true},"in2DMode":false,"pivot":{"x":65.67658233642578,"y":13.246248245239258,"z":-2.227900505065918},"rotation":{"x":-0.07727936655282974,"y":-0.7589438557624817,"z":0.09182720631361008,"w":-0.6399999856948853},"size":22.0,"orthographic":false}