{"cameraMode":{"drawMode":0,"name":"Shaded","section":"Shading Mode"},"sceneLighting":false,"audioPlay":false,"sceneViewState":{"showFog":false,"showMaterialUpdate":false,"showSkybox":false,"showFlares":false,"showImageEffects":false,"showParticleSystems":false},"in2DMode":false,"pivot":{"x":8.396390914916993,"y":-4.418107032775879,"z":0.16269636154174806},"rotation":{"x":0.004009939730167389,"y":-0.9828675985336304,"z":0.1861611306667328,"w":0.011076436378061772},"size":9.122614860534668,"orthographic":false}