{"cameraMode":{"drawMode":0,"name":"Shaded","section":"Shading Mode"},"sceneLighting":false,"audioPlay":false,"sceneViewState":{"showFog":true,"showMaterialUpdate":false,"showSkybox":true,"showFlares":true,"showImageEffects":true,"showParticleSystems":true},"in2DMode":false,"pivot":{"x":-0.2328643798828125,"y":1.2928791046142579,"z":-0.8762345314025879},"rotation":{"x":-0.058505088090896609,"y":-0.6267296671867371,"z":-0.04397879168391228,"w":0.7762147784233093},"size":5.986330509185791,"orthographic":false}