{"cameraMode":{"drawMode":0,"name":"Shaded","section":"Shading Mode"},"sceneLighting":false,"audioPlay":false,"sceneViewState":{"showFog":true,"showMaterialUpdate":false,"showSkybox":false,"showFlares":true,"showImageEffects":true,"showParticleSystems":true},"in2DMode":false,"pivot":{"x":259.8931884765625,"y":9.849716186523438,"z":-6.695826053619385},"rotation":{"x":0.15672381222248078,"y":0.7311256527900696,"z":-0.1791558563709259,"w":0.6395761370658875},"size":27.574085235595704,"orthographic":false}