{"cameraMode":{"drawMode":0,"name":"Shaded","section":"Shading Mode"},"sceneLighting":false,"audioPlay":false,"sceneViewState":{"showFog":false,"showMaterialUpdate":false,"showSkybox":false,"showFlares":false,"showImageEffects":false,"showParticleSystems":false},"in2DMode":false,"pivot":{"x":2979.236328125,"y":9273.490234375,"z":11785.240234375},"rotation":{"x":0.5670510530471802,"y":0.013565760105848313,"z":0.0052446043118834499,"w":0.8244461417198181},"size":3800.92822265625,"orthographic":false}