{"cameraMode":{"drawMode":0,"name":"Shaded","section":"Shading Mode"},"sceneLighting":false,"audioPlay":false,"sceneViewState":{"showFog":false,"showMaterialUpdate":false,"showSkybox":false,"showFlares":false,"showImageEffects":false,"showParticleSystems":false},"in2DMode":false,"pivot":{"x":-0.9620456695556641,"y":2.9131007194519045,"z":-0.0116424560546875},"rotation":{"x":-0.041200101375579837,"y":-0.7077499032020569,"z":-0.040239471942186359,"w":0.7044641971588135},"size":41.281455993652347,"orthographic":false}