{"cameraMode":{"drawMode":0,"name":"Shaded","section":"Shading Mode"},"sceneLighting":false,"audioPlay":false,"sceneViewState":{"showFog":false,"showMaterialUpdate":false,"showSkybox":false,"showFlares":false,"showImageEffects":false,"showParticleSystems":false},"in2DMode":false,"pivot":{"x":10.347707748413086,"y":-7.559701919555664,"z":19.881649017333986},"rotation":{"x":0.019720032811164857,"y":0.9660723209381104,"z":-0.24257336556911469,"w":0.09161441773176193},"size":11.485116958618164,"orthographic":false}