{"cameraMode":{"drawMode":0,"name":"Shaded","section":"Shading Mode"},"sceneLighting":false,"audioPlay":false,"sceneViewState":{"showFog":false,"showMaterialUpdate":false,"showSkybox":false,"showFlares":false,"showImageEffects":false,"showParticleSystems":false},"in2DMode":false,"pivot":{"x":256.30426025390627,"y":22.395877838134767,"z":-5.885994911193848},"rotation":{"x":0.4432732164859772,"y":0.5519766807556152,"z":-0.4480779767036438,"w":0.54600989818573},"size":11.440690040588379,"orthographic":false}