{"cameraMode":{"drawMode":0,"name":"Shaded","section":"Shading Mode"},"sceneLighting":false,"audioPlay":false,"sceneViewState":{"showFog":true,"showMaterialUpdate":false,"showSkybox":true,"showFlares":true,"showImageEffects":true,"showParticleSystems":true},"in2DMode":false,"pivot":{"x":0.7360007762908936,"y":1.1914122104644776,"z":-0.5073356628417969},"rotation":{"x":-0.021635470911860467,"y":0.8334121108055115,"z":-0.03280939534306526,"w":-0.5512672662734985},"size":4.439025402069092,"orthographic":false}