{"cameraMode":{"drawMode":0,"name":"Shaded","section":"Shading Mode"},"sceneLighting":false,"audioPlay":false,"sceneViewState":{"showFog":false,"showMaterialUpdate":false,"showSkybox":false,"showFlares":false,"showImageEffects":false,"showParticleSystems":false},"in2DMode":false,"pivot":{"x":70.76847076416016,"y":-7.896228313446045,"z":20008.505859375},"rotation":{"x":-0.18722911179065705,"y":-0.7938035726547241,"z":0.2994796335697174,"w":-0.4955345094203949},"size":562.396728515625,"orthographic":false}