{"cameraMode":{"drawMode":0,"name":"Shaded","section":"Shading Mode"},"sceneLighting":false,"audioPlay":false,"sceneViewState":{"showFog":false,"showMaterialUpdate":false,"showSkybox":false,"showFlares":false,"showImageEffects":false,"showParticleSystems":false},"in2DMode":false,"pivot":{"x":0.09724140167236328,"y":-0.010114312171936036,"z":-0.000057637691497802734},"rotation":{"x":0.02636343613266945,"y":0.13456746935844422,"z":-0.00004429811451700516,"w":-0.9909172654151917},"size":2.516009569168091,"orthographic":false}