{"cameraMode":{"drawMode":0,"name":"Shaded","section":"Shading Mode"},"sceneLighting":false,"audioPlay":false,"sceneViewState":{"showFog":false,"showMaterialUpdate":false,"showSkybox":false,"showFlares":false,"showImageEffects":false,"showParticleSystems":false},"in2DMode":false,"pivot":{"x":10.400001525878907,"y":-8.335000991821289,"z":19.89699935913086},"rotation":{"x":0.048673707991838458,"y":0.7159849405288696,"z":-0.0547339953482151,"w":0.6949380040168762},"size":7.095701694488525,"orthographic":false}