{"cameraMode":{"drawMode":0,"name":"Shaded","section":"Shading Mode"},"sceneLighting":false,"audioPlay":false,"sceneViewState":{"showFog":false,"showMaterialUpdate":false,"showSkybox":false,"showFlares":false,"showImageEffects":false,"showParticleSystems":false},"in2DMode":false,"pivot":{"x":-31.932693481445314,"y":3.828733444213867,"z":-2.105823516845703},"rotation":{"x":-0.3713081181049347,"y":0.005514875054359436,"z":-0.0022424403578042986,"w":-0.9285657405853272},"size":348.7206726074219,"orthographic":false}