{"cameraMode":{"drawMode":0,"name":"Shaded","section":"Shading Mode"},"sceneLighting":false,"audioPlay":false,"sceneViewState":{"showFog":false,"showMaterialUpdate":false,"showSkybox":false,"showFlares":false,"showImageEffects":false,"showParticleSystems":false},"in2DMode":false,"pivot":{"x":28.187419891357423,"y":0.43007946014404299,"z":9.548240661621094},"rotation":{"x":0.14808504283428193,"y":0.4099022448062897,"z":-0.06840790063142777,"w":0.8977332711219788},"size":27.942049026489259,"orthographic":false}