{"cameraMode":{"drawMode":0,"name":"Shaded","section":"Shading Mode"},"sceneLighting":false,"audioPlay":false,"sceneViewState":{"showFog":true,"showMaterialUpdate":false,"showSkybox":true,"showFlares":true,"showImageEffects":true,"showParticleSystems":true},"in2DMode":false,"pivot":{"x":-34.63866424560547,"y":-3.7168984413146974,"z":-7.972651481628418},"rotation":{"x":-0.019802629947662355,"y":-0.024543998762965204,"z":0.0005085407174192369,"w":-0.9995024800300598},"size":3.004122734069824,"orthographic":false}