{"cameraMode":{"drawMode":0,"name":"Shaded","section":"Shading Mode"},"sceneLighting":false,"audioPlay":false,"sceneViewState":{"showFog":true,"showMaterialUpdate":false,"showSkybox":true,"showFlares":true,"showImageEffects":true,"showParticleSystems":true},"in2DMode":false,"pivot":{"x":1.065661072731018,"y":2.1732804775238039,"z":4.651342868804932},"rotation":{"x":0.0020827113185077907,"y":-0.9903445839881897,"z":0.1378566026687622,"w":0.014535220339894295},"size":10.234634399414063,"orthographic":false}