{"cameraMode":{"drawMode":0,"name":"Shaded","section":"Shading Mode"},"sceneLighting":false,"audioPlay":false,"sceneViewState":{"showFog":true,"showMaterialUpdate":false,"showSkybox":true,"showFlares":true,"showImageEffects":true,"showParticleSystems":true},"in2DMode":false,"pivot":{"x":0.3633699417114258,"y":2.0123038291931154,"z":5.286149024963379},"rotation":{"x":0.000432013301178813,"y":-0.99354487657547,"z":0.0032830822747200729,"w":0.11343883723020554},"size":10.15658950805664,"orthographic":false}