{"cameraMode":{"drawMode":0,"name":"Shaded","section":"Shading Mode"},"sceneLighting":false,"audioPlay":false,"sceneViewState":{"showFog":true,"showMaterialUpdate":false,"showSkybox":true,"showFlares":true,"showImageEffects":true,"showParticleSystems":true},"in2DMode":false,"pivot":{"x":-0.8855313658714294,"y":-0.10553854703903198,"z":0.06478571891784668},"rotation":{"x":-0.012202882207930088,"y":0.9873873591423035,"z":-0.12538287043571473,"w":-0.09592404961585999},"size":10.453980445861817,"orthographic":false}