{"cameraMode":{"drawMode":0,"name":"Shaded","section":"Shading Mode"},"sceneLighting":false,"audioPlay":false,"sceneViewState":{"showFog":false,"showMaterialUpdate":false,"showSkybox":false,"showFlares":false,"showImageEffects":false,"showParticleSystems":false},"in2DMode":false,"pivot":{"x":222.40667724609376,"y":80.81869506835938,"z":19954.8515625},"rotation":{"x":-0.0007000718032941222,"y":0.9980016350746155,"z":0.0650670975446701,"w":0.01509309746325016},"size":24.012060165405275,"orthographic":false}